K,T,barrier,type_asian,type_barrier,type_lookback
99.83657089029109,0.99644643706182,0.0,True,False,False
99.83657089029109,0.99644643706182,116.69146437710702,False,True,False
99.83657089029109,0.99644643706182,0.0,False,False,True
82.69834094628943,1.167477110105692,0.0,True,False,False
82.69834094628943,1.167477110105692,119.89263464784652,False,True,False
82.69834094628943,1.167477110105692,0.0,False,False,True
89.57370213061262,1.3906145958466152,0.0,True,False,False
89.57370213061262,1.3906145958466152,110.51524501423064,False,True,False
89.57370213061262,1.3906145958466152,0.0,False,False,True
115.28023286997012,0.3273568568000589,0.0,True,False,False
115.28023286997012,0.3273568568000589,138.83381768475886,False,True,False
115.28023286997012,0.3273568568000589,0.0,False,False,True
111.43172915418756,0.7184179600625848,0.0,True,False,False
111.43172915418756,0.7184179600625848,112.80549551734067,False,True,False
111.43172915418756,0.7184179600625848,0.0,False,False,True
82.95743833967096,0.3622661136046089,0.0,True,False,False
82.95743833967096,0.3622661136046089,118.62267843832356,False,True,False
82.95743833967096,0.3622661136046089,0.0,False,False,True
118.361920180907,1.2445785400318572,0.0,True,False,False
118.361920180907,1.2445785400318572,142.68503833746092,False,True,False
118.361920180907,1.2445785400318572,0.0,False,False,True
96.90973453341232,0.7379676262108462,0.0,True,False,False
96.90973453341232,0.7379676262108462,118.20072014308684,False,True,False
96.90973453341232,0.7379676262108462,0.0,False,False,True
106.1023896551104,0.9900940808231864,0.0,True,False,False
106.1023896551104,0.9900940808231864,135.19875349754005,False,True,False
106.1023896551104,0.9900940808231864,0.0,False,False,True
89.59308109809692,1.028241592285592,0.0,True,False,False
89.59308109809692,1.028241592285592,126.61354948372876,False,True,False
89.59308109809692,1.028241592285592,0.0,False,False,True
119.17222248488017,1.1853258336249108,0.0,True,False,False
119.17222248488017,1.1853258336249108,148.79699633774024,False,True,False
119.17222248488017,1.1853258336249108,0.0,False,False,True
108.03010656866758,1.217891015337743,0.0,True,False,False
108.03010656866758,1.217891015337743,146.7467956053962,False,True,False
108.03010656866758,1.217891015337743,0.0,False,False,True
82.257302901156,0.2862953279908474,0.0,True,False,False
82.257302901156,0.2862953279908474,141.8737645233737,False,True,False
82.257302901156,0.2862953279908474,0.0,False,False,True
118.12301164303484,1.3218734125123026,0.0,True,False,False
118.12301164303484,1.3218734125123026,148.0320166122315,False,True,False
118.12301164303484,1.3218734125123026,0.0,False,False,True
105.55349748373963,0.4824385250246769,0.0,True,False,False
105.55349748373963,0.4824385250246769,137.87116989793748,False,True,False
105.55349748373963,0.4824385250246769,0.0,False,False,True
93.36661429644978,1.0333032860786162,0.0,True,False,False
93.36661429644978,1.0333032860786162,148.20847433785335,False,True,False
93.36661429644978,1.0333032860786162,0.0,False,False,True
96.8715955077031,1.2754812741674515,0.0,True,False,False
96.8715955077031,1.2754812741674515,131.54265463814943,False,True,False
96.8715955077031,1.2754812741674515,0.0,False,False,True
106.7107607963163,0.8550036791346021,0.0,True,False,False
106.7107607963163,0.8550036791346021,121.84627077230633,False,True,False
106.7107607963163,0.8550036791346021,0.0,False,False,True
98.58227857536208,1.0818981148046452,0.0,True,False,False
98.58227857536208,1.0818981148046452,148.03416087405608,False,True,False
98.58227857536208,1.0818981148046452,0.0,False,False,True
90.8732370473245,0.3671183580454304,0.0,True,False,False
90.8732370473245,0.3671183580454304,115.24667280096833,False,True,False
90.8732370473245,0.3671183580454304,0.0,False,False,True
97.30394798063551,1.0793446660890575,0.0,True,False,False
97.30394798063551,1.0793446660890575,135.3084143524495,False,True,False
97.30394798063551,1.0793446660890575,0.0,False,False,True
106.87824284077853,0.5459545547085008,0.0,True,False,False
106.87824284077853,0.5459545547085008,127.44557586706917,False,True,False
106.87824284077853,0.5459545547085008,0.0,False,False,True
85.8130012395135,1.1376846660075224,0.0,True,False,False
85.8130012395135,1.1376846660075224,122.93378732033064,False,True,False
85.8130012395135,1.1376846660075224,0.0,False,False,True
114.51256681621444,0.4351321399147333,0.0,True,False,False
114.51256681621444,0.4351321399147333,129.99887383555642,False,True,False
114.51256681621444,0.4351321399147333,0.0,False,False,True
97.8727198879388,0.2736055049911995,0.0,True,False,False
97.8727198879388,0.2736055049911995,139.53453586445417,False,True,False
97.8727198879388,0.2736055049911995,0.0,False,False,True
104.46572761183918,0.9377027553014602,0.0,True,False,False
104.46572761183918,0.9377027553014602,119.11910589715178,False,True,False
104.46572761183918,0.9377027553014602,0.0,False,False,True
112.74882415478004,0.8370539627912873,0.0,True,False,False
112.74882415478004,0.8370539627912873,144.7330006841475,False,True,False
112.74882415478004,0.8370539627912873,0.0,False,False,True
86.46492936017178,0.7909866601861992,0.0,True,False,False
86.46492936017178,0.7909866601861992,112.27191503793632,False,True,False
86.46492936017178,0.7909866601861992,0.0,False,False,True
107.9028884034018,1.054189751717992,0.0,True,False,False
107.9028884034018,1.054189751717992,145.8497357778446,False,True,False
107.9028884034018,1.054189751717992,0.0,False,False,True
113.7018147512694,0.6705863637915147,0.0,True,False,False
113.7018147512694,0.6705863637915147,119.19492230993934,False,True,False
113.7018147512694,0.6705863637915147,0.0,False,False,True
96.33814828157104,1.1654506368216433,0.0,True,False,False
96.33814828157104,1.1654506368216433,149.9606347031207,False,True,False
96.33814828157104,1.1654506368216433,0.0,False,False,True
114.65790631392916,1.3068471762595035,0.0,True,False,False
114.65790631392916,1.3068471762595035,142.75353907190672,False,True,False
114.65790631392916,1.3068471762595035,0.0,False,False,True
110.28554884260504,0.3586769868553425,0.0,True,False,False
110.28554884260504,0.3586769868553425,130.27203612676976,False,True,False
110.28554884260504,0.3586769868553425,0.0,False,False,True
86.397702105616,1.1435433108783153,0.0,True,False,False
86.397702105616,1.1435433108783153,130.16165162848216,False,True,False
86.397702105616,1.1435433108783153,0.0,False,False,True
100.74648845994922,1.4022648216571136,0.0,True,False,False
100.74648845994922,1.4022648216571136,121.7139807305478,False,True,False
100.74648845994922,1.4022648216571136,0.0,False,False,True
88.28537515166542,1.0956822003240332,0.0,True,False,False
88.28537515166542,1.0956822003240332,147.62611401449166,False,True,False
88.28537515166542,1.0956822003240332,0.0,False,False,True
113.80018290560405,1.2215729424870163,0.0,True,False,False
113.80018290560405,1.2215729424870163,112.14925371150495,False,True,False
113.80018290560405,1.2215729424870163,0.0,False,False,True
113.55114837787504,0.4237549193086463,0.0,True,False,False
113.55114837787504,0.4237549193086463,116.26297060478558,False,True,False
113.55114837787504,0.4237549193086463,0.0,False,False,True
91.45700810706136,1.4367840032065216,0.0,True,False,False
91.45700810706136,1.4367840032065216,130.9041132052831,False,True,False
91.45700810706136,1.4367840032065216,0.0,False,False,True
83.01737252155493,0.4633434773921336,0.0,True,False,False
83.01737252155493,0.4633434773921336,126.95880604005444,False,True,False
83.01737252155493,0.4633434773921336,0.0,False,False,True
118.3608167145752,0.8701892694772514,0.0,True,False,False
118.3608167145752,0.8701892694772514,131.5203191306455,False,True,False
118.3608167145752,0.8701892694772514,0.0,False,False,True
81.52381694466517,1.0349681697632185,0.0,True,False,False
81.52381694466517,1.0349681697632185,118.99324006629163,False,True,False
81.52381694466517,1.0349681697632185,0.0,False,False,True
104.83570082238695,1.1634428608503669,0.0,True,False,False
104.83570082238695,1.1634428608503669,128.16360291700607,False,True,False
104.83570082238695,1.1634428608503669,0.0,False,False,True
92.2757924789846,0.6846255212813823,0.0,True,False,False
92.2757924789846,0.6846255212813823,143.7360813173139,False,True,False
92.2757924789846,0.6846255212813823,0.0,False,False,True
98.98318343906756,0.7260909363441258,0.0,True,False,False
98.98318343906756,0.7260909363441258,147.22133905602152,False,True,False
98.98318343906756,0.7260909363441258,0.0,False,False,True
111.36542452613888,1.2436022237157265,0.0,True,False,False
111.36542452613888,1.2436022237157265,122.66808453847794,False,True,False
111.36542452613888,1.2436022237157265,0.0,False,False,True
98.07141792883463,0.6828897047003752,0.0,True,False,False
98.07141792883463,0.6828897047003752,113.01615003771956,False,True,False
98.07141792883463,0.6828897047003752,0.0,False,False,True
90.82525150244896,0.3020715534614191,0.0,True,False,False
90.82525150244896,0.3020715534614191,148.13812257443794,False,True,False
90.82525150244896,0.3020715534614191,0.0,False,False,True
92.22411615327228,1.091754987453214,0.0,True,False,False
92.22411615327228,1.091754987453214,137.600063163941,False,True,False
92.22411615327228,1.091754987453214,0.0,False,False,True
110.80391405670176,0.9264080599571254,0.0,True,False,False
110.80391405670176,0.9264080599571254,114.3453004966146,False,True,False
110.80391405670176,0.9264080599571254,0.0,False,False,True
81.35200769183018,1.411708526220905,0.0,True,False,False
81.35200769183018,1.411708526220905,147.66050339690295,False,True,False
81.35200769183018,1.411708526220905,0.0,False,False,True
103.48930895772054,1.388150778778274,0.0,True,False,False
103.48930895772054,1.388150778778274,125.68801743414288,False,True,False
103.48930895772054,1.388150778778274,0.0,False,False,True
102.76503175787032,0.3461908054465128,0.0,True,False,False
102.76503175787032,0.3461908054465128,120.33921908297978,False,True,False
102.76503175787032,0.3461908054465128,0.0,False,False,True
103.11222975226651,1.2122253431477912,0.0,True,False,False
103.11222975226651,1.2122253431477912,112.91030843417714,False,True,False
103.11222975226651,1.2122253431477912,0.0,False,False,True
88.28300283516816,0.3525998934635435,0.0,True,False,False
88.28300283516816,0.3525998934635435,129.63574648147858,False,True,False
88.28300283516816,0.3525998934635435,0.0,False,False,True
102.14328393041168,1.1983798415944535,0.0,True,False,False
102.14328393041168,1.1983798415944535,137.55065752861873,False,True,False
102.14328393041168,1.1983798415944535,0.0,False,False,True
88.07211807291792,1.1048102520611067,0.0,True,False,False
88.07211807291792,1.1048102520611067,142.42491476546456,False,True,False
88.07211807291792,1.1048102520611067,0.0,False,False,True
90.86050908705984,1.218706435996539,0.0,True,False,False
90.86050908705984,1.218706435996539,117.6524096113124,False,True,False
90.86050908705984,1.218706435996539,0.0,False,False,True
97.07416649864771,1.3499406529719828,0.0,True,False,False
97.07416649864771,1.3499406529719828,137.72886587205903,False,True,False
97.07416649864771,1.3499406529719828,0.0,False,False,True
117.58072745822864,0.4435625585386424,0.0,True,False,False
117.58072745822864,0.4435625585386424,143.15942169648727,False,True,False
117.58072745822864,0.4435625585386424,0.0,False,False,True
117.48668108346544,0.758685902630467,0.0,True,False,False
117.48668108346544,0.758685902630467,140.40323025597462,False,True,False
117.48668108346544,0.758685902630467,0.0,False,False,True
88.92462961675362,1.1098213227701894,0.0,True,False,False
88.92462961675362,1.1098213227701894,149.06762363819126,False,True,False
88.92462961675362,1.1098213227701894,0.0,False,False,True
89.4585511516855,0.512150629093497,0.0,True,False,False
89.4585511516855,0.512150629093497,146.9963008122306,False,True,False
89.4585511516855,0.512150629093497,0.0,False,False,True
112.07644454093872,1.263728670286436,0.0,True,False,False
112.07644454093872,1.263728670286436,133.67648115178437,False,True,False
112.07644454093872,1.263728670286436,0.0,False,False,True
106.50007494777464,0.7860654401356892,0.0,True,False,False
106.50007494777464,0.7860654401356892,144.15396205729417,False,True,False
106.50007494777464,0.7860654401356892,0.0,False,False,True
83.90070219382493,0.6583418982602699,0.0,True,False,False
83.90070219382493,0.6583418982602699,112.0433598406827,False,True,False
83.90070219382493,0.6583418982602699,0.0,False,False,True
85.32515014604095,0.7269007229644223,0.0,True,False,False
85.32515014604095,0.7269007229644223,125.17035762707728,False,True,False
85.32515014604095,0.7269007229644223,0.0,False,False,True
116.5840650236255,1.3400468891708366,0.0,True,False,False
116.5840650236255,1.3400468891708366,121.5078944367807,False,True,False
116.5840650236255,1.3400468891708366,0.0,False,False,True
104.51850602720938,0.6621590629249422,0.0,True,False,False
104.51850602720938,0.6621590629249422,135.08891366641103,False,True,False
104.51850602720938,0.6621590629249422,0.0,False,False,True
82.77893421579795,0.9985566133416768,0.0,True,False,False
82.77893421579795,0.9985566133416768,115.42406252404894,False,True,False
82.77893421579795,0.9985566133416768,0.0,False,False,True
89.59846147729722,0.4333392109650482,0.0,True,False,False
89.59846147729722,0.4333392109650482,137.1489203482344,False,True,False
89.59846147729722,0.4333392109650482,0.0,False,False,True
119.83965912012962,0.7318471985881494,0.0,True,False,False
119.83965912012962,0.7318471985881494,147.51591139455405,False,True,False
119.83965912012962,0.7318471985881494,0.0,False,False,True
91.47041079675938,0.8259350168784485,0.0,True,False,False
91.47041079675938,0.8259350168784485,120.74799530284017,False,True,False
91.47041079675938,0.8259350168784485,0.0,False,False,True
109.7344162552046,1.3554628348357374,0.0,True,False,False
109.7344162552046,1.3554628348357374,133.09411261794844,False,True,False
109.7344162552046,1.3554628348357374,0.0,False,False,True
83.14300827441647,1.4807118107956423,0.0,True,False,False
83.14300827441647,1.4807118107956423,127.3817491118003,False,True,False
83.14300827441647,1.4807118107956423,0.0,False,False,True
105.58672405647806,0.9704833213952476,0.0,True,False,False
105.58672405647806,0.9704833213952476,125.60302341687678,False,True,False
105.58672405647806,0.9704833213952476,0.0,False,False,True
84.49614022321488,1.1480206902569434,0.0,True,False,False
84.49614022321488,1.1480206902569434,136.82370694161492,False,True,False
84.49614022321488,1.1480206902569434,0.0,False,False,True
116.69061809918855,1.2261949584476417,0.0,True,False,False
116.69061809918855,1.2261949584476417,111.93904202405346,False,True,False
116.69061809918855,1.2261949584476417,0.0,False,False,True
80.44373725159579,0.3416251964049056,0.0,True,False,False
80.44373725159579,0.3416251964049056,139.63451707996688,False,True,False
80.44373725159579,0.3416251964049056,0.0,False,False,True
92.93989295803676,1.2825013043093374,0.0,True,False,False
92.93989295803676,1.2825013043093374,122.72268955013038,False,True,False
92.93989295803676,1.2825013043093374,0.0,False,False,True
87.22060276597247,1.3921842627762286,0.0,True,False,False
87.22060276597247,1.3921842627762286,144.4172142185701,False,True,False
87.22060276597247,1.3921842627762286,0.0,False,False,True
108.391062027037,0.5290433682236461,0.0,True,False,False
108.391062027037,0.5290433682236461,111.61848040175556,False,True,False
108.391062027037,0.5290433682236461,0.0,False,False,True
99.9898092868615,1.190707841439642,0.0,True,False,False
99.9898092868615,1.190707841439642,141.37497375939986,False,True,False
99.9898092868615,1.190707841439642,0.0,False,False,True
88.46605817531834,1.1118858077931626,0.0,True,False,False
88.46605817531834,1.1118858077931626,124.6117396025748,False,True,False
88.46605817531834,1.1118858077931626,0.0,False,False,True
99.383945594477,0.7822958862425688,0.0,True,False,False
99.383945594477,0.7822958862425688,125.17863381741846,False,True,False
99.383945594477,0.7822958862425688,0.0,False,False,True
108.98616313672636,1.0982667507843442,0.0,True,False,False
108.98616313672636,1.0982667507843442,138.75385445779256,False,True,False
108.98616313672636,1.0982667507843442,0.0,False,False,True
109.73712743766092,0.7634372768757923,0.0,True,False,False
109.73712743766092,0.7634372768757923,122.31767183977848,False,True,False
109.73712743766092,0.7634372768757923,0.0,False,False,True
82.15370669382818,0.3985396737743595,0.0,True,False,False
82.15370669382818,0.3985396737743595,142.6679049681016,False,True,False
82.15370669382818,0.3985396737743595,0.0,False,False,True
112.13419172640776,0.5897818698956239,0.0,True,False,False
112.13419172640776,0.5897818698956239,110.15985782870604,False,True,False
112.13419172640776,0.5897818698956239,0.0,False,False,True
82.99651847181411,1.1420058208174717,0.0,True,False,False
82.99651847181411,1.1420058208174717,129.17218337644198,False,True,False
82.99651847181411,1.1420058208174717,0.0,False,False,True
111.55685733312792,1.1474385814227177,0.0,True,False,False
111.55685733312792,1.1474385814227177,127.63567561311744,False,True,False
111.55685733312792,1.1474385814227177,0.0,False,False,True
107.94308591368709,1.0252819267489368,0.0,True,False,False
107.94308591368709,1.0252819267489368,125.10868885729266,False,True,False
107.94308591368709,1.0252819267489368,0.0,False,False,True
98.5734089776191,0.902987673644905,0.0,True,False,False
98.5734089776191,0.902987673644905,126.88260608359674,False,True,False
98.5734089776191,0.902987673644905,0.0,False,False,True
99.6776853596195,0.8161452106685706,0.0,True,False,False
99.6776853596195,0.8161452106685706,127.6522313812004,False,True,False
99.6776853596195,0.8161452106685706,0.0,False,False,True
102.7578687374958,0.4190576993716808,0.0,True,False,False
102.7578687374958,0.4190576993716808,131.72810527994727,False,True,False
102.7578687374958,0.4190576993716808,0.0,False,False,True
96.72391937513194,0.7103071907961541,0.0,True,False,False
96.72391937513194,0.7103071907961541,145.6840570731232,False,True,False
96.72391937513194,0.7103071907961541,0.0,False,False,True
96.21331841550632,1.2821110352189813,0.0,True,False,False
96.21331841550632,1.2821110352189813,146.64768173562948,False,True,False
96.21331841550632,1.2821110352189813,0.0,False,False,True
80.07966657332014,0.7739174059437596,0.0,True,False,False
80.07966657332014,0.7739174059437596,132.77043771108077,False,True,False
80.07966657332014,0.7739174059437596,0.0,False,False,True
81.66642540422129,0.8624497326409185,0.0,True,False,False
81.66642540422129,0.8624497326409185,135.80390281931477,False,True,False
81.66642540422129,0.8624497326409185,0.0,False,False,True
92.57277721457122,0.8577046534007311,0.0,True,False,False
92.57277721457122,0.8577046534007311,135.54553598539695,False,True,False
92.57277721457122,0.8577046534007311,0.0,False,False,True
82.9970736234033,1.03843942607189,0.0,True,False,False
82.9970736234033,1.03843942607189,142.23544921091582,False,True,False
82.9970736234033,1.03843942607189,0.0,False,False,True
113.55631026400336,1.408813281040108,0.0,True,False,False
113.55631026400336,1.408813281040108,145.4889298028762,False,True,False
113.55631026400336,1.408813281040108,0.0,False,False,True
100.74699743780872,0.9985122133059492,0.0,True,False,False
100.74699743780872,0.9985122133059492,149.23769602616596,False,True,False
100.74699743780872,0.9985122133059492,0.0,False,False,True
83.98454996456825,1.4607476504205492,0.0,True,False,False
83.98454996456825,1.4607476504205492,137.828926652095,False,True,False
83.98454996456825,1.4607476504205492,0.0,False,False,True
82.65639498338203,0.6239484990998747,0.0,True,False,False
82.65639498338203,0.6239484990998747,121.67778293799624,False,True,False
82.65639498338203,0.6239484990998747,0.0,False,False,True
84.03614071047257,1.0732970582944694,0.0,True,False,False
84.03614071047257,1.0732970582944694,114.29707735571444,False,True,False
84.03614071047257,1.0732970582944694,0.0,False,False,True
106.9185718514596,0.765725941045919,0.0,True,False,False
106.9185718514596,0.765725941045919,110.04848314209468,False,True,False
106.9185718514596,0.765725941045919,0.0,False,False,True
117.6267113368896,0.93517149362607,0.0,True,False,False
117.6267113368896,0.93517149362607,117.84127271702091,False,True,False
117.6267113368896,0.93517149362607,0.0,False,False,True
89.4174660467003,0.4608225967733602,0.0,True,False,False
89.4174660467003,0.4608225967733602,148.25243778470332,False,True,False
89.4174660467003,0.4608225967733602,0.0,False,False,True
80.19177377585908,1.412787580897378,0.0,True,False,False
80.19177377585908,1.412787580897378,113.93690570212704,False,True,False
80.19177377585908,1.412787580897378,0.0,False,False,True
85.30209345081707,0.592773283898802,0.0,True,False,False
85.30209345081707,0.592773283898802,143.38273807897886,False,True,False
85.30209345081707,0.592773283898802,0.0,False,False,True
105.01113282115544,1.0282690364325415,0.0,True,False,False
105.01113282115544,1.0282690364325415,132.17646996925055,False,True,False
105.01113282115544,1.0282690364325415,0.0,False,False,True
104.28495785211716,0.3962793702777665,0.0,True,False,False
104.28495785211716,0.3962793702777665,142.58399006892273,False,True,False
104.28495785211716,0.3962793702777665,0.0,False,False,True
92.34113312099949,0.9281595661211548,0.0,True,False,False
92.34113312099949,0.9281595661211548,114.93310910727128,False,True,False
92.34113312099949,0.9281595661211548,0.0,False,False,True
106.42805349220131,0.8349129652765578,0.0,True,False,False
106.42805349220131,0.8349129652765578,115.73211928117531,False,True,False
106.42805349220131,0.8349129652765578,0.0,False,False,True
99.18578340057697,0.3997178555361568,0.0,True,False,False
99.18578340057697,0.3997178555361568,111.68241952462157,False,True,False
99.18578340057697,0.3997178555361568,0.0,False,False,True
83.44366404402393,1.0621322680486505,0.0,True,False,False
83.44366404402393,1.0621322680486505,130.31625161435315,False,True,False
83.44366404402393,1.0621322680486505,0.0,False,False,True
118.09107001587002,1.4693449227923023,0.0,True,False,False
118.09107001587002,1.4693449227923023,134.79021475085727,False,True,False
118.09107001587002,1.4693449227923023,0.0,False,False,True
103.91954280172736,1.0662055716240566,0.0,True,False,False
103.91954280172736,1.0662055716240566,129.1418566071923,False,True,False
103.91954280172736,1.0662055716240566,0.0,False,False,True
110.13493717483937,0.8006655352937218,0.0,True,False,False
110.13493717483937,0.8006655352937218,141.0664710197731,False,True,False
110.13493717483937,0.8006655352937218,0.0,False,False,True
88.25096170626136,0.5364038528575148,0.0,True,False,False
88.25096170626136,0.5364038528575148,149.6809713981238,False,True,False
88.25096170626136,0.5364038528575148,0.0,False,False,True
104.07240218659938,0.322719541927525,0.0,True,False,False
104.07240218659938,0.322719541927525,111.82881526596124,False,True,False
104.07240218659938,0.322719541927525,0.0,False,False,True
111.50555187717268,0.6229136937480786,0.0,True,False,False
111.50555187717268,0.6229136937480786,121.3243551241724,False,True,False
111.50555187717268,0.6229136937480786,0.0,False,False,True
111.65876616521024,0.9166108143330236,0.0,True,False,False
111.65876616521024,0.9166108143330236,119.83273748430278,False,True,False
111.65876616521024,0.9166108143330236,0.0,False,False,True
97.96879191814902,1.4626163066348623,0.0,True,False,False
97.96879191814902,1.4626163066348623,146.35979216657785,False,True,False
97.96879191814902,1.4626163066348623,0.0,False,False,True
112.84659860340788,0.6951565157574023,0.0,True,False,False
112.84659860340788,0.6951565157574023,145.63396964226982,False,True,False
112.84659860340788,0.6951565157574023,0.0,False,False,True
101.08070937675927,0.6047273024550747,0.0,True,False,False
101.08070937675927,0.6047273024550747,139.56432594456035,False,True,False
101.08070937675927,0.6047273024550747,0.0,False,False,True
119.29212813172111,0.6082059962884065,0.0,True,False,False
119.29212813172111,0.6082059962884065,131.39454234452657,False,True,False
119.29212813172111,0.6082059962884065,0.0,False,False,True
107.72195214703348,1.006274030461948,0.0,True,False,False
107.72195214703348,1.006274030461948,144.7489375842325,False,True,False
107.72195214703348,1.006274030461948,0.0,False,False,True
111.67495081684004,0.7438575204232399,0.0,True,False,False
111.67495081684004,0.7438575204232399,146.61506752926576,False,True,False
111.67495081684004,0.7438575204232399,0.0,False,False,True
89.02421559963926,0.6685668662180119,0.0,True,False,False
89.02421559963926,0.6685668662180119,117.44587899284669,False,True,False
89.02421559963926,0.6685668662180119,0.0,False,False,True
108.0201996613097,0.868914005947314,0.0,True,False,False
108.0201996613097,0.868914005947314,145.75194203592778,False,True,False
108.0201996613097,0.868914005947314,0.0,False,False,True
99.93385284459552,1.277165970475642,0.0,True,False,False
99.93385284459552,1.277165970475642,144.4080257422293,False,True,False
99.93385284459552,1.277165970475642,0.0,False,False,True
83.91093982738991,1.2485278020685295,0.0,True,False,False
83.91093982738991,1.2485278020685295,147.95311195125765,False,True,False
83.91093982738991,1.2485278020685295,0.0,False,False,True
92.20256022472589,0.666931487455289,0.0,True,False,False
92.20256022472589,0.666931487455289,114.7269483127096,False,True,False
92.20256022472589,0.666931487455289,0.0,False,False,True
104.95180314338693,1.2468834002722875,0.0,True,False,False
104.95180314338693,1.2468834002722875,116.38375987718796,False,True,False
104.95180314338693,1.2468834002722875,0.0,False,False,True
118.09299988892153,0.7678667775735736,0.0,True,False,False
118.09299988892153,0.7678667775735736,139.07998847222382,False,True,False
118.09299988892153,0.7678667775735736,0.0,False,False,True
95.66210113136144,0.9907671114925798,0.0,True,False,False
95.66210113136144,0.9907671114925798,138.8497051543323,False,True,False
95.66210113136144,0.9907671114925798,0.0,False,False,True
119.1599220712047,0.85099227891611,0.0,True,False,False
119.1599220712047,0.85099227891611,121.4924099543508,False,True,False
119.1599220712047,0.85099227891611,0.0,False,False,True
87.72654050857045,1.0053247972152262,0.0,True,False,False
87.72654050857045,1.0053247972152262,125.63507985708527,False,True,False
87.72654050857045,1.0053247972152262,0.0,False,False,True
86.40204091138169,0.5630081010036194,0.0,True,False,False
86.40204091138169,0.5630081010036194,134.6997173966199,False,True,False
86.40204091138169,0.5630081010036194,0.0,False,False,True
116.25753243483666,1.3152876036328007,0.0,True,False,False
116.25753243483666,1.3152876036328007,122.61115590827556,False,True,False
116.25753243483666,1.3152876036328007,0.0,False,False,True
106.29297756209088,1.3961033039248474,0.0,True,False,False
106.29297756209088,1.3961033039248474,114.98306133094034,False,True,False
106.29297756209088,1.3961033039248474,0.0,False,False,True
117.90224342589651,0.9640358499733082,0.0,True,False,False
117.90224342589651,0.9640358499733082,114.0256996448543,False,True,False
117.90224342589651,0.9640358499733082,0.0,False,False,True
94.80279650496368,0.7698514007132494,0.0,True,False,False
94.80279650496368,0.7698514007132494,149.27590569295447,False,True,False
94.80279650496368,0.7698514007132494,0.0,False,False,True
115.89561362174786,1.0956315784569184,0.0,True,False,False
115.89561362174786,1.0956315784569184,142.6283317157556,False,True,False
115.89561362174786,1.0956315784569184,0.0,False,False,True
104.06619994784047,0.7745897120972118,0.0,True,False,False
104.06619994784047,0.7745897120972118,147.89024699886966,False,True,False
104.06619994784047,0.7745897120972118,0.0,False,False,True
89.5049316474839,0.8239291374809381,0.0,True,False,False
89.5049316474839,0.8239291374809381,149.72462363969916,False,True,False
89.5049316474839,0.8239291374809381,0.0,False,False,True
85.56948025182454,0.7302621015660968,0.0,True,False,False
85.56948025182454,0.7302621015660968,115.1729134037285,False,True,False
85.56948025182454,0.7302621015660968,0.0,False,False,True
103.38221591775024,0.3802938029599205,0.0,True,False,False
103.38221591775024,0.3802938029599205,134.44819299151885,False,True,False
103.38221591775024,0.3802938029599205,0.0,False,False,True
81.8844868049691,1.396594394073159,0.0,True,False,False
81.8844868049691,1.396594394073159,135.22558192419714,False,True,False
81.8844868049691,1.396594394073159,0.0,False,False,True
119.92024407494266,0.3733747284243898,0.0,True,False,False
119.92024407494266,0.3733747284243898,147.35380631577132,False,True,False
119.92024407494266,0.3733747284243898,0.0,False,False,True
118.8156256985056,1.4274027675857457,0.0,True,False,False
118.8156256985056,1.4274027675857457,112.77158652562568,False,True,False
118.8156256985056,1.4274027675857457,0.0,False,False,True
107.76929995979307,1.453452378381403,0.0,True,False,False
107.76929995979307,1.453452378381403,138.72888973349143,False,True,False
107.76929995979307,1.453452378381403,0.0,False,False,True
92.24231486816268,0.9678297508695848,0.0,True,False,False
92.24231486816268,0.9678297508695848,147.24337384498014,False,True,False
92.24231486816268,0.9678297508695848,0.0,False,False,True
103.66055935923242,0.3157080496366505,0.0,True,False,False
103.66055935923242,0.3157080496366505,125.00590476728874,False,True,False
103.66055935923242,0.3157080496366505,0.0,False,False,True
97.72701590776089,1.074298560263068,0.0,True,False,False
97.72701590776089,1.074298560263068,145.72174729225588,False,True,False
97.72701590776089,1.074298560263068,0.0,False,False,True
92.96753609280316,0.5735201567975137,0.0,True,False,False
92.96753609280316,0.5735201567975137,116.19385290316896,False,True,False
92.96753609280316,0.5735201567975137,0.0,False,False,True
91.49131576000916,0.5747367793887252,0.0,True,False,False
91.49131576000916,0.5747367793887252,134.37326618555383,False,True,False
91.49131576000916,0.5747367793887252,0.0,False,False,True
109.77342982621155,0.4660686383143838,0.0,True,False,False
109.77342982621155,0.4660686383143838,143.78547407644197,False,True,False
109.77342982621155,0.4660686383143838,0.0,False,False,True
112.02691826461482,0.5510690832645071,0.0,True,False,False
112.02691826461482,0.5510690832645071,146.98859631005394,False,True,False
112.02691826461482,0.5510690832645071,0.0,False,False,True
113.18448689202836,1.1629197739237267,0.0,True,False,False
113.18448689202836,1.1629197739237267,126.24441351361828,False,True,False
113.18448689202836,1.1629197739237267,0.0,False,False,True
104.04917483598214,1.189492247531622,0.0,True,False,False
104.04917483598214,1.189492247531622,135.94596127898757,False,True,False
104.04917483598214,1.189492247531622,0.0,False,False,True
114.93676801506402,0.3932455316784406,0.0,True,False,False
114.93676801506402,0.3932455316784406,125.26384130312331,False,True,False
114.93676801506402,0.3932455316784406,0.0,False,False,True
117.4334826761234,0.3812032977707614,0.0,True,False,False
117.4334826761234,0.3812032977707614,144.93624655118143,False,True,False
117.4334826761234,0.3812032977707614,0.0,False,False,True
93.6508241394019,1.0109989425136057,0.0,True,False,False
93.6508241394019,1.0109989425136057,112.74312564205806,False,True,False
93.6508241394019,1.0109989425136057,0.0,False,False,True
104.85330179334092,1.26552167927387,0.0,True,False,False
104.85330179334092,1.26552167927387,128.05043824134867,False,True,False
104.85330179334092,1.26552167927387,0.0,False,False,True
100.66445449053452,0.547167485613037,0.0,True,False,False
100.66445449053452,0.547167485613037,127.26125667125186,False,True,False
100.66445449053452,0.547167485613037,0.0,False,False,True
110.93162296251244,0.5273919235423392,0.0,True,False,False
110.93162296251244,0.5273919235423392,136.09122494191226,False,True,False
110.93162296251244,0.5273919235423392,0.0,False,False,True
109.66191952896682,0.5448668276357249,0.0,True,False,False
109.66191952896682,0.5448668276357249,138.62753920988368,False,True,False
109.66191952896682,0.5448668276357249,0.0,False,False,True
90.32628405142766,0.7854736304638557,0.0,True,False,False
90.32628405142766,0.7854736304638557,127.61533379543434,False,True,False
90.32628405142766,0.7854736304638557,0.0,False,False,True
117.25352707727082,1.0043290997494134,0.0,True,False,False
117.25352707727082,1.0043290997494134,113.09635689375511,False,True,False
117.25352707727082,1.0043290997494134,0.0,False,False,True
112.2804772518821,0.5112220725327352,0.0,True,False,False
112.2804772518821,0.5112220725327352,111.58034965583074,False,True,False
112.2804772518821,0.5112220725327352,0.0,False,False,True
101.02824297475472,1.150341313799086,0.0,True,False,False
101.02824297475472,1.150341313799086,142.82412115515152,False,True,False
101.02824297475472,1.150341313799086,0.0,False,False,True
94.29205501146365,0.6515423420122399,0.0,True,False,False
94.29205501146365,0.6515423420122399,134.02990051874377,False,True,False
94.29205501146365,0.6515423420122399,0.0,False,False,True
109.88311022740052,1.4616678729529902,0.0,True,False,False
109.88311022740052,1.4616678729529902,118.66961026242669,False,True,False
109.88311022740052,1.4616678729529902,0.0,False,False,True
83.63481733899964,1.234444353869104,0.0,True,False,False
83.63481733899964,1.234444353869104,111.85322568993924,False,True,False
83.63481733899964,1.234444353869104,0.0,False,False,True
80.23800162769626,1.4761688193138118,0.0,True,False,False
80.23800162769626,1.4761688193138118,118.4306475877806,False,True,False
80.23800162769626,1.4761688193138118,0.0,False,False,True
107.41457025218008,1.228485125299582,0.0,True,False,False
107.41457025218008,1.228485125299582,147.46471415379978,False,True,False
107.41457025218008,1.228485125299582,0.0,False,False,True
97.3450553798517,0.8995336911924788,0.0,True,False,False
97.3450553798517,0.8995336911924788,115.71562116914914,False,True,False
97.3450553798517,0.8995336911924788,0.0,False,False,True
106.19271351532556,0.8424007830487305,0.0,True,False,False
106.19271351532556,0.8424007830487305,115.2104734762005,False,True,False
106.19271351532556,0.8424007830487305,0.0,False,False,True
111.83789597294349,1.197115971647964,0.0,True,False,False
111.83789597294349,1.197115971647964,140.30133729246896,False,True,False
111.83789597294349,1.197115971647964,0.0,False,False,True
93.2618047267066,1.224621995781446,0.0,True,False,False
93.2618047267066,1.224621995781446,146.1461634462273,False,True,False
93.2618047267066,1.224621995781446,0.0,False,False,True
93.2680987498205,0.8771611061678399,0.0,True,False,False
93.2680987498205,0.8771611061678399,124.37933987335298,False,True,False
93.2680987498205,0.8771611061678399,0.0,False,False,True
92.43912940452842,1.4005186387628032,0.0,True,False,False
92.43912940452842,1.4005186387628032,126.5284255223302,False,True,False
92.43912940452842,1.4005186387628032,0.0,False,False,True
100.9423741558396,1.0224818408276346,0.0,True,False,False
100.9423741558396,1.0224818408276346,121.63204497735178,False,True,False
100.9423741558396,1.0224818408276346,0.0,False,False,True
110.85317381435244,1.0121052050723494,0.0,True,False,False
110.85317381435244,1.0121052050723494,115.05768198375095,False,True,False
110.85317381435244,1.0121052050723494,0.0,False,False,True
106.2207160530126,1.4414539736541043,0.0,True,False,False
106.2207160530126,1.4414539736541043,122.28799047231782,False,True,False
106.2207160530126,1.4414539736541043,0.0,False,False,True
114.72030059075828,0.2804110296057945,0.0,True,False,False
114.72030059075828,0.2804110296057945,132.5693981723443,False,True,False
114.72030059075828,0.2804110296057945,0.0,False,False,True
106.72726302126004,1.0038242336351262,0.0,True,False,False
106.72726302126004,1.0038242336351262,111.22931322092164,False,True,False
106.72726302126004,1.0038242336351262,0.0,False,False,True
100.54493933860086,0.7209154708002593,0.0,True,False,False
100.54493933860086,0.7209154708002593,140.3066582837227,False,True,False
100.54493933860086,0.7209154708002593,0.0,False,False,True
109.1806407928428,0.3833139469638112,0.0,True,False,False
109.1806407928428,0.3833139469638112,136.59627578452597,False,True,False
109.1806407928428,0.3833139469638112,0.0,False,False,True
115.43715799104643,1.2192644245458504,0.0,True,False,False
115.43715799104643,1.2192644245458504,140.1457140908223,False,True,False
115.43715799104643,1.2192644245458504,0.0,False,False,True
81.99745492780944,1.431741523924312,0.0,True,False,False
81.99745492780944,1.431741523924312,123.74435772817375,False,True,False
81.99745492780944,1.431741523924312,0.0,False,False,True
96.260629604898,0.824099137297136,0.0,True,False,False
96.260629604898,0.824099137297136,124.55327013459004,False,True,False
96.260629604898,0.824099137297136,0.0,False,False,True
86.48089220503088,0.848094931016774,0.0,True,False,False
86.48089220503088,0.848094931016774,113.91400052080895,False,True,False
86.48089220503088,0.848094931016774,0.0,False,False,True
97.35785180455008,1.1428634925703651,0.0,True,False,False
97.35785180455008,1.1428634925703651,118.9259862911509,False,True,False
97.35785180455008,1.1428634925703651,0.0,False,False,True
119.55439269996292,1.3503888621882678,0.0,True,False,False
119.55439269996292,1.3503888621882678,143.35612125072063,False,True,False
119.55439269996292,1.3503888621882678,0.0,False,False,True
113.44381523753714,0.7756100693876542,0.0,True,False,False
113.44381523753714,0.7756100693876542,127.10178909481112,False,True,False
113.44381523753714,0.7756100693876542,0.0,False,False,True
82.6228120139355,0.5356429698464871,0.0,True,False,False
82.6228120139355,0.5356429698464871,135.5378442623806,False,True,False
82.6228120139355,0.5356429698464871,0.0,False,False,True
106.74702494211635,0.9585480077893336,0.0,True,False,False
106.74702494211635,0.9585480077893336,139.5725875170071,False,True,False
106.74702494211635,0.9585480077893336,0.0,False,False,True
111.0004442970589,0.8265814292326465,0.0,True,False,False
111.0004442970589,0.8265814292326465,119.60966717158207,False,True,False
111.0004442970589,0.8265814292326465,0.0,False,False,True
99.15164579277422,0.4730802687776984,0.0,True,False,False
99.15164579277422,0.4730802687776984,146.26983102647225,False,True,False
99.15164579277422,0.4730802687776984,0.0,False,False,True
111.54641619384628,1.3768772065728558,0.0,True,False,False
111.54641619384628,1.3768772065728558,133.88889547996658,False,True,False
111.54641619384628,1.3768772065728558,0.0,False,False,True
93.95447085677615,1.0773817300264097,0.0,True,False,False
93.95447085677615,1.0773817300264097,139.73495524998728,False,True,False
93.95447085677615,1.0773817300264097,0.0,False,False,True
102.5369191990212,1.4476796837377184,0.0,True,False,False
102.5369191990212,1.4476796837377184,147.08684025585958,False,True,False
102.5369191990212,1.4476796837377184,0.0,False,False,True
107.96374214701812,0.5645608536743584,0.0,True,False,False
107.96374214701812,0.5645608536743584,119.4502598699648,False,True,False
107.96374214701812,0.5645608536743584,0.0,False,False,True
80.35856745451434,0.7242995056146115,0.0,True,False,False
80.35856745451434,0.7242995056146115,116.0749054741817,False,True,False
80.35856745451434,0.7242995056146115,0.0,False,False,True
98.61661195629937,0.4824057231212563,0.0,True,False,False
98.61661195629937,0.4824057231212563,131.70614112547258,False,True,False
98.61661195629937,0.4824057231212563,0.0,False,False,True
116.83975001900744,1.4101696908875725,0.0,True,False,False
116.83975001900744,1.4101696908875725,144.46720385493575,False,True,False
116.83975001900744,1.4101696908875725,0.0,False,False,True
86.16464523707411,0.6463104529578344,0.0,True,False,False
86.16464523707411,0.6463104529578344,142.4672080638971,False,True,False
86.16464523707411,0.6463104529578344,0.0,False,False,True
90.50793503590988,1.277593791620281,0.0,True,False,False
90.50793503590988,1.277593791620281,144.37861868927635,False,True,False
90.50793503590988,1.277593791620281,0.0,False,False,True
100.10215162869984,0.474784093920687,0.0,True,False,False
100.10215162869984,0.474784093920687,143.44191137602073,False,True,False
100.10215162869984,0.474784093920687,0.0,False,False,True
106.25115636638034,0.8618938546683107,0.0,True,False,False
106.25115636638034,0.8618938546683107,146.8478669631243,False,True,False
106.25115636638034,0.8618938546683107,0.0,False,False,True
107.33422977278558,0.4251163260087086,0.0,True,False,False
107.33422977278558,0.4251163260087086,148.00375793140546,False,True,False
107.33422977278558,0.4251163260087086,0.0,False,False,True
88.24353215481615,1.0488293877471837,0.0,True,False,False
88.24353215481615,1.0488293877471837,148.1984758579233,False,True,False
88.24353215481615,1.0488293877471837,0.0,False,False,True
116.7052600172804,0.2707948190390078,0.0,True,False,False
116.7052600172804,0.2707948190390078,116.03081619319892,False,True,False
116.7052600172804,0.2707948190390078,0.0,False,False,True
108.95713411575716,1.176466628334967,0.0,True,False,False
108.95713411575716,1.176466628334967,147.2596011230732,False,True,False
108.95713411575716,1.176466628334967,0.0,False,False,True
87.2005604794965,1.0946436596296096,0.0,True,False,False
87.2005604794965,1.0946436596296096,149.09786457996168,False,True,False
87.2005604794965,1.0946436596296096,0.0,False,False,True
80.6900202531995,1.2357691142043334,0.0,True,False,False
80.6900202531995,1.2357691142043334,119.10585488023096,False,True,False
80.6900202531995,1.2357691142043334,0.0,False,False,True
109.74806823291348,1.342841256586243,0.0,True,False,False
109.74806823291348,1.342841256586243,137.99067085084044,False,True,False
109.74806823291348,1.342841256586243,0.0,False,False,True
82.90179324959534,0.925867811319085,0.0,True,False,False
82.90179324959534,0.925867811319085,124.3223410189349,False,True,False
82.90179324959534,0.925867811319085,0.0,False,False,True
100.94023713428972,1.3578572916372014,0.0,True,False,False
100.94023713428972,1.3578572916372014,146.82969806730696,False,True,False
100.94023713428972,1.3578572916372014,0.0,False,False,True
85.52847007369463,0.9607351625024794,0.0,True,False,False
85.52847007369463,0.9607351625024794,140.53331857724476,False,True,False
85.52847007369463,0.9607351625024794,0.0,False,False,True
84.35006383233987,0.552379380100358,0.0,True,False,False
84.35006383233987,0.552379380100358,141.73691487572498,False,True,False
84.35006383233987,0.552379380100358,0.0,False,False,True
85.99007220063388,1.278541524941597,0.0,True,False,False
85.99007220063388,1.278541524941597,117.32772356527413,False,True,False
85.99007220063388,1.278541524941597,0.0,False,False,True
94.15412368957746,1.372075367196001,0.0,True,False,False
94.15412368957746,1.372075367196001,123.46510310371464,False,True,False
94.15412368957746,1.372075367196001,0.0,False,False,True
109.15470787781838,1.3592174097410838,0.0,True,False,False
109.15470787781838,1.3592174097410838,142.53047697073976,False,True,False
109.15470787781838,1.3592174097410838,0.0,False,False,True
97.95357816791412,1.0313149374184944,0.0,True,False,False
97.95357816791412,1.0313149374184944,124.0527020091286,False,True,False
97.95357816791412,1.0313149374184944,0.0,False,False,True
119.60322176315378,1.3031771996892556,0.0,True,False,False
119.60322176315378,1.3031771996892556,147.64323741882114,False,True,False
119.60322176315378,1.3031771996892556,0.0,False,False,True
99.30239940863076,1.3952541774915834,0.0,True,False,False
99.30239940863076,1.3952541774915834,133.99862430311998,False,True,False
99.30239940863076,1.3952541774915834,0.0,False,False,True
111.96384262667236,0.766125288119631,0.0,True,False,False
111.96384262667236,0.766125288119631,139.3186748329426,False,True,False
111.96384262667236,0.766125288119631,0.0,False,False,True
106.52801025145592,0.3681714532953164,0.0,True,False,False
106.52801025145592,0.3681714532953164,132.33964198097786,False,True,False
106.52801025145592,0.3681714532953164,0.0,False,False,True
117.3372453593242,0.6421758747269315,0.0,True,False,False
117.3372453593242,0.6421758747269315,123.67746589896625,False,True,False
117.3372453593242,0.6421758747269315,0.0,False,False,True
110.20242946338286,1.4374749836992484,0.0,True,False,False
110.20242946338286,1.4374749836992484,141.71271145201013,False,True,False
110.20242946338286,1.4374749836992484,0.0,False,False,True
84.53669908798459,0.9602927459198888,0.0,True,False,False
84.53669908798459,0.9602927459198888,131.93850553734626,False,True,False
84.53669908798459,0.9602927459198888,0.0,False,False,True
92.23950529911532,0.6756104343952856,0.0,True,False,False
92.23950529911532,0.6756104343952856,122.2325065572538,False,True,False
92.23950529911532,0.6756104343952856,0.0,False,False,True
116.12033818783244,0.9790790739939156,0.0,True,False,False
116.12033818783244,0.9790790739939156,148.73335882350273,False,True,False
116.12033818783244,0.9790790739939156,0.0,False,False,True
103.8117936708093,0.7677258095721444,0.0,True,False,False
103.8117936708093,0.7677258095721444,125.71722291076892,False,True,False
103.8117936708093,0.7677258095721444,0.0,False,False,True
97.61864041044716,0.7664252501952621,0.0,True,False,False
97.61864041044716,0.7664252501952621,149.46483823893468,False,True,False
97.61864041044716,0.7664252501952621,0.0,False,False,True
86.57157732081767,0.4605114993622989,0.0,True,False,False
86.57157732081767,0.4605114993622989,119.3284910069074,False,True,False
86.57157732081767,0.4605114993622989,0.0,False,False,True
94.6272972887489,1.084251265161424,0.0,True,False,False
94.6272972887489,1.084251265161424,119.6997177751949,False,True,False
94.6272972887489,1.084251265161424,0.0,False,False,True
113.91470513541248,1.2073940455525085,0.0,True,False,False
113.91470513541248,1.2073940455525085,125.91026487462166,False,True,False
113.91470513541248,1.2073940455525085,0.0,False,False,True
90.37416889633778,0.9023453889136293,0.0,True,False,False
90.37416889633778,0.9023453889136293,144.13317643298288,False,True,False
90.37416889633778,0.9023453889136293,0.0,False,False,True
89.17556391230563,1.2346286732878848,0.0,True,False,False
89.17556391230563,1.2346286732878848,123.15916725757228,False,True,False
89.17556391230563,1.2346286732878848,0.0,False,False,True
101.69129211882196,1.0116718575765544,0.0,True,False,False
101.69129211882196,1.0116718575765544,137.04656424135183,False,True,False
101.69129211882196,1.0116718575765544,0.0,False,False,True
92.8211897685285,1.10946155044428,0.0,True,False,False
92.8211897685285,1.10946155044428,144.71958684017386,False,True,False
92.8211897685285,1.10946155044428,0.0,False,False,True
102.91872387104264,0.8491531535278802,0.0,True,False,False
102.91872387104264,0.8491531535278802,137.78171098027536,False,True,False
102.91872387104264,0.8491531535278802,0.0,False,False,True
99.83426851280468,1.4260219413936304,0.0,True,False,False
99.83426851280468,1.4260219413936304,122.38197610944836,False,True,False
99.83426851280468,1.4260219413936304,0.0,False,False,True
114.77105603322045,1.4662655188716085,0.0,True,False,False
114.77105603322045,1.4662655188716085,118.23621184214056,False,True,False
114.77105603322045,1.4662655188716085,0.0,False,False,True
92.0067956936681,1.2916003769865083,0.0,True,False,False
92.0067956936681,1.2916003769865083,126.19349822034256,False,True,False
92.0067956936681,1.2916003769865083,0.0,False,False,True
107.47790760154209,1.2754306506675808,0.0,True,False,False
107.47790760154209,1.2754306506675808,142.32027613814017,False,True,False
107.47790760154209,1.2754306506675808,0.0,False,False,True
85.42298997629723,0.9591285577847002,0.0,True,False,False
85.42298997629723,0.9591285577847002,126.91430915329846,False,True,False
85.42298997629723,0.9591285577847002,0.0,False,False,True
118.6219904096052,1.478961118575058,0.0,True,False,False
118.6219904096052,1.478961118575058,135.47117459078007,False,True,False
118.6219904096052,1.478961118575058,0.0,False,False,True
82.34646430489806,0.8218114521028982,0.0,True,False,False
82.34646430489806,0.8218114521028982,114.85995655138557,False,True,False
82.34646430489806,0.8218114521028982,0.0,False,False,True
115.4871473919571,1.2962693735689896,0.0,True,False,False
115.4871473919571,1.2962693735689896,118.17517709598826,False,True,False
115.4871473919571,1.2962693735689896,0.0,False,False,True
119.71796791888588,1.198688744716584,0.0,True,False,False
119.71796791888588,1.198688744716584,116.45623568380542,False,True,False
119.71796791888588,1.198688744716584,0.0,False,False,True
106.04013555292768,1.0221170704497435,0.0,True,False,False
106.04013555292768,1.0221170704497435,113.2788167494776,False,True,False
106.04013555292768,1.0221170704497435,0.0,False,False,True
110.41456715892218,1.3535665277400248,0.0,True,False,False
110.41456715892218,1.3535665277400248,131.23663900920366,False,True,False
110.41456715892218,1.3535665277400248,0.0,False,False,True
107.11606096584796,1.142547026639979,0.0,True,False,False
107.11606096584796,1.142547026639979,134.7476640012806,False,True,False
107.11606096584796,1.142547026639979,0.0,False,False,True
110.97503803500524,1.2241864940821203,0.0,True,False,False
110.97503803500524,1.2241864940821203,130.83467258395504,False,True,False
110.97503803500524,1.2241864940821203,0.0,False,False,True
110.6746398148412,0.2676941241993961,0.0,True,False,False
110.6746398148412,0.2676941241993961,116.90630286289682,False,True,False
110.6746398148412,0.2676941241993961,0.0,False,False,True
108.22517833541764,1.132816022459291,0.0,True,False,False
108.22517833541764,1.132816022459291,132.84238369060714,False,True,False
108.22517833541764,1.132816022459291,0.0,False,False,True
90.7452485468504,1.34092905128063,0.0,True,False,False
90.7452485468504,1.34092905128063,132.6973478159593,False,True,False
90.7452485468504,1.34092905128063,0.0,False,False,True
89.01365119113274,1.479980154518267,0.0,True,False,False
89.01365119113274,1.479980154518267,131.36969347488647,False,True,False
89.01365119113274,1.479980154518267,0.0,False,False,True
113.36922738119584,0.7101174563360051,0.0,True,False,False
113.36922738119584,0.7101174563360051,149.89374360661802,False,True,False
113.36922738119584,0.7101174563360051,0.0,False,False,True
117.63123048782955,0.9147404265038784,0.0,True,False,False
117.63123048782955,0.9147404265038784,110.17038044731324,False,True,False
117.63123048782955,0.9147404265038784,0.0,False,False,True
118.51016019650164,0.7341990931413416,0.0,True,False,False
118.51016019650164,0.7341990931413416,137.99340624444946,False,True,False
118.51016019650164,0.7341990931413416,0.0,False,False,True
104.21023889569148,1.2003897731750008,0.0,True,False,False
104.21023889569148,1.2003897731750008,137.79497140335627,False,True,False
104.21023889569148,1.2003897731750008,0.0,False,False,True
83.03544452964822,1.272322472044539,0.0,True,False,False
83.03544452964822,1.272322472044539,124.81103655603457,False,True,False
83.03544452964822,1.272322472044539,0.0,False,False,True
101.61273345533886,1.1406419787715425,0.0,True,False,False
101.61273345533886,1.1406419787715425,122.69941087926206,False,True,False
101.61273345533886,1.1406419787715425,0.0,False,False,True
81.99224554277546,1.294647487302088,0.0,True,False,False
81.99224554277546,1.294647487302088,129.2379889004796,False,True,False
81.99224554277546,1.294647487302088,0.0,False,False,True
89.67662178473633,0.3679391643450096,0.0,True,False,False
89.67662178473633,0.3679391643450096,144.88508588356848,False,True,False
89.67662178473633,0.3679391643450096,0.0,False,False,True
82.10914224476855,0.5953116589186299,0.0,True,False,False
82.10914224476855,0.5953116589186299,145.00142291129794,False,True,False
82.10914224476855,0.5953116589186299,0.0,False,False,True
92.92289144738422,1.0724992805298514,0.0,True,False,False
92.92289144738422,1.0724992805298514,131.6048544635828,False,True,False
92.92289144738422,1.0724992805298514,0.0,False,False,True
117.94960272655791,0.524462408098495,0.0,True,False,False
117.94960272655791,0.524462408098495,111.25194099800308,False,True,False
117.94960272655791,0.524462408098495,0.0,False,False,True
110.35558675788732,1.223401912414371,0.0,True,False,False
110.35558675788732,1.223401912414371,133.88288986824378,False,True,False
110.35558675788732,1.223401912414371,0.0,False,False,True
87.44735916481434,0.8867977182631814,0.0,True,False,False
87.44735916481434,0.8867977182631814,120.8853013256224,False,True,False
87.44735916481434,0.8867977182631814,0.0,False,False,True
108.33463167439606,0.451774730089248,0.0,True,False,False
108.33463167439606,0.451774730089248,133.89370416138345,False,True,False
108.33463167439606,0.451774730089248,0.0,False,False,True
91.981969982644,0.7125475836264901,0.0,True,False,False
91.981969982644,0.7125475836264901,137.36456493403847,False,True,False
91.981969982644,0.7125475836264901,0.0,False,False,True
102.29390555537562,0.32609639072612,0.0,True,False,False
102.29390555537562,0.32609639072612,113.41124794129512,False,True,False
102.29390555537562,0.32609639072612,0.0,False,False,True
85.54575717554388,0.734546258031825,0.0,True,False,False
85.54575717554388,0.734546258031825,149.9859535617897,False,True,False
85.54575717554388,0.734546258031825,0.0,False,False,True
92.1109350881252,0.586990453681336,0.0,True,False,False
92.1109350881252,0.586990453681336,137.44683812061052,False,True,False
92.1109350881252,0.586990453681336,0.0,False,False,True
119.40946788409018,1.2400097708129236,0.0,True,False,False
119.40946788409018,1.2400097708129236,130.00829451817876,False,True,False
119.40946788409018,1.2400097708129236,0.0,False,False,True
94.1078833856826,0.5597099082304549,0.0,True,False,False
94.1078833856826,0.5597099082304549,147.08370820770648,False,True,False
94.1078833856826,0.5597099082304549,0.0,False,False,True
92.15621007788911,1.4213872990739778,0.0,True,False,False
92.15621007788911,1.4213872990739778,127.56152328000988,False,True,False
92.15621007788911,1.4213872990739778,0.0,False,False,True
84.69059999903737,1.446277193731617,0.0,True,False,False
84.69059999903737,1.446277193731617,122.62728731906806,False,True,False
84.69059999903737,1.446277193731617,0.0,False,False,True
119.55554238126402,0.7475805611732251,0.0,True,False,False
119.55554238126402,0.7475805611732251,149.34073938995587,False,True,False
119.55554238126402,0.7475805611732251,0.0,False,False,True
109.68978553490729,0.4299788094052444,0.0,True,False,False
109.68978553490729,0.4299788094052444,142.6147333730272,False,True,False
109.68978553490729,0.4299788094052444,0.0,False,False,True
119.09827729433091,1.1589850681297849,0.0,True,False,False
119.09827729433091,1.1589850681297849,127.927430278835,False,True,False
119.09827729433091,1.1589850681297849,0.0,False,False,True
109.04304676353306,1.394136102599951,0.0,True,False,False
109.04304676353306,1.394136102599951,126.53371941010552,False,True,False
109.04304676353306,1.394136102599951,0.0,False,False,True
102.8812228114006,1.2112398473955217,0.0,True,False,False
102.8812228114006,1.2112398473955217,114.76383597002608,False,True,False
102.8812228114006,1.2112398473955217,0.0,False,False,True
111.8125008435908,0.5310579009248384,0.0,True,False,False
111.8125008435908,0.5310579009248384,114.030230354244,False,True,False
111.8125008435908,0.5310579009248384,0.0,False,False,True
108.11385196322446,0.5310884592228498,0.0,True,False,False
108.11385196322446,0.5310884592228498,119.53376303007708,False,True,False
108.11385196322446,0.5310884592228498,0.0,False,False,True
114.98315040149402,1.1179002661540824,0.0,True,False,False
114.98315040149402,1.1179002661540824,123.7291335974505,False,True,False
114.98315040149402,1.1179002661540824,0.0,False,False,True
109.4278871620354,1.123379907712828,0.0,True,False,False
109.4278871620354,1.123379907712828,136.13446405030467,False,True,False
109.4278871620354,1.123379907712828,0.0,False,False,True
103.55451495874632,0.5903731178042579,0.0,True,False,False
103.55451495874632,0.5903731178042579,118.1222196613984,False,True,False
103.55451495874632,0.5903731178042579,0.0,False,False,True
114.74328514691425,0.4406854386769845,0.0,True,False,False
114.74328514691425,0.4406854386769845,119.39391780544584,False,True,False
114.74328514691425,0.4406854386769845,0.0,False,False,True
95.93692433103102,0.3566403244374003,0.0,True,False,False
95.93692433103102,0.3566403244374003,130.28295959544545,False,True,False
95.93692433103102,0.3566403244374003,0.0,False,False,True
96.28017352080074,0.8681042930338625,0.0,True,False,False
96.28017352080074,0.8681042930338625,138.8216543691973,False,True,False
96.28017352080074,0.8681042930338625,0.0,False,False,True
107.30426141919604,1.101122407672927,0.0,True,False,False
107.30426141919604,1.101122407672927,137.1869067707825,False,True,False
107.30426141919604,1.101122407672927,0.0,False,False,True
90.67786449503234,1.3751046158394753,0.0,True,False,False
90.67786449503234,1.3751046158394753,131.9517296242438,False,True,False
90.67786449503234,1.3751046158394753,0.0,False,False,True
98.01560397423836,0.5848093542745013,0.0,True,False,False
98.01560397423836,0.5848093542745013,133.5008107845865,False,True,False
98.01560397423836,0.5848093542745013,0.0,False,False,True
93.87065797369743,0.9160285359912446,0.0,True,False,False
93.87065797369743,0.9160285359912446,113.17406986528314,False,True,False
93.87065797369743,0.9160285359912446,0.0,False,False,True
113.55363164189602,0.3248051115279897,0.0,True,False,False
113.55363164189602,0.3248051115279897,147.33518440069753,False,True,False
113.55363164189602,0.3248051115279897,0.0,False,False,True
86.90374157663392,1.1779851842835585,0.0,True,False,False
86.90374157663392,1.1779851842835585,149.0515821918201,False,True,False
86.90374157663392,1.1779851842835585,0.0,False,False,True
92.59575871353148,1.4720475731538771,0.0,True,False,False
92.59575871353148,1.4720475731538771,121.38245530794038,False,True,False
92.59575871353148,1.4720475731538771,0.0,False,False,True
87.38769295853804,0.9206647194221692,0.0,True,False,False
87.38769295853804,0.9206647194221692,138.22800078279707,False,True,False
87.38769295853804,0.9206647194221692,0.0,False,False,True
99.55551905626427,0.4793218467991991,0.0,True,False,False
99.55551905626427,0.4793218467991991,120.41338103626092,False,True,False
99.55551905626427,0.4793218467991991,0.0,False,False,True
103.14054771810623,1.0628177472532565,0.0,True,False,False
103.14054771810623,1.0628177472532565,120.62889299645732,False,True,False
103.14054771810623,1.0628177472532565,0.0,False,False,True
113.45711564952008,1.436120970775108,0.0,True,False,False
113.45711564952008,1.436120970775108,141.58846366646364,False,True,False
113.45711564952008,1.436120970775108,0.0,False,False,True
99.2359050263951,0.8416484246224208,0.0,True,False,False
99.2359050263951,0.8416484246224208,111.21294147089564,False,True,False
99.2359050263951,0.8416484246224208,0.0,False,False,True
80.58672763961486,1.0933458783414762,0.0,True,False,False
80.58672763961486,1.0933458783414762,125.50939542812458,False,True,False
80.58672763961486,1.0933458783414762,0.0,False,False,True
92.03387028688662,0.3173777577789587,0.0,True,False,False
92.03387028688662,0.3173777577789587,123.8639014893101,False,True,False
92.03387028688662,0.3173777577789587,0.0,False,False,True
104.81955342241233,0.3423666403317024,0.0,True,False,False
104.81955342241233,0.3423666403317024,128.35470253910236,False,True,False
104.81955342241233,0.3423666403317024,0.0,False,False,True
107.065871432995,1.2365649265571454,0.0,True,False,False
107.065871432995,1.2365649265571454,149.25215818677862,False,True,False
107.065871432995,1.2365649265571454,0.0,False,False,True
85.45179590557342,1.105938296454323,0.0,True,False,False
85.45179590557342,1.105938296454323,121.39048481506164,False,True,False
85.45179590557342,1.105938296454323,0.0,False,False,True
100.30864034205646,0.4287312107779133,0.0,True,False,False
100.30864034205646,0.4287312107779133,116.7083602474342,False,True,False
100.30864034205646,0.4287312107779133,0.0,False,False,True
118.21715960166613,1.3593392101006072,0.0,True,False,False
118.21715960166613,1.3593392101006072,133.65122921318095,False,True,False
118.21715960166613,1.3593392101006072,0.0,False,False,True
119.65386499142808,1.4302325968423852,0.0,True,False,False
119.65386499142808,1.4302325968423852,134.41528824878685,False,True,False
119.65386499142808,1.4302325968423852,0.0,False,False,True
108.95512549100538,0.3681276878932501,0.0,True,False,False
108.95512549100538,0.3681276878932501,144.86544448807302,False,True,False
108.95512549100538,0.3681276878932501,0.0,False,False,True
99.06478175823402,0.2731301933787214,0.0,True,False,False
99.06478175823402,0.2731301933787214,122.82972110490498,False,True,False
99.06478175823402,0.2731301933787214,0.0,False,False,True
115.49398411862354,0.6281957919280082,0.0,True,False,False
115.49398411862354,0.6281957919280082,111.6491185250095,False,True,False
115.49398411862354,0.6281957919280082,0.0,False,False,True
117.07008555975806,0.7903755098513565,0.0,True,False,False
117.07008555975806,0.7903755098513565,138.45670777042034,False,True,False
117.07008555975806,0.7903755098513565,0.0,False,False,True
116.48251824919078,0.5162617655146868,0.0,True,False,False
116.48251824919078,0.5162617655146868,126.64825467143864,False,True,False
116.48251824919078,0.5162617655146868,0.0,False,False,True
84.66573248997976,1.3835418633076757,0.0,True,False,False
84.66573248997976,1.3835418633076757,116.55441518062035,False,True,False
84.66573248997976,1.3835418633076757,0.0,False,False,True
109.26929704656972,1.0402347941490406,0.0,True,False,False
109.26929704656972,1.0402347941490406,138.7343935756543,False,True,False
109.26929704656972,1.0402347941490406,0.0,False,False,True
91.13504540176488,1.3222214261895875,0.0,True,False,False
91.13504540176488,1.3222214261895875,110.7342141846915,False,True,False
91.13504540176488,1.3222214261895875,0.0,False,False,True
113.41066878979754,1.1769671560139832,0.0,True,False,False
113.41066878979754,1.1769671560139832,133.20529840041604,False,True,False
113.41066878979754,1.1769671560139832,0.0,False,False,True
81.65176905148263,1.0734282666043111,0.0,True,False,False
81.65176905148263,1.0734282666043111,116.72422615282294,False,True,False
81.65176905148263,1.0734282666043111,0.0,False,False,True
118.93480636054048,0.4332202289065701,0.0,True,False,False
118.93480636054048,0.4332202289065701,144.92304151933348,False,True,False
118.93480636054048,0.4332202289065701,0.0,False,False,True
109.70943793839103,0.2961884322449497,0.0,True,False,False
109.70943793839103,0.2961884322449497,138.44391974708316,False,True,False
109.70943793839103,0.2961884322449497,0.0,False,False,True
93.05117866554524,0.9877678330724072,0.0,True,False,False
93.05117866554524,0.9877678330724072,110.0579503178968,False,True,False
93.05117866554524,0.9877678330724072,0.0,False,False,True
83.63101389601312,1.076962219582679,0.0,True,False,False
83.63101389601312,1.076962219582679,135.96089941226086,False,True,False
83.63101389601312,1.076962219582679,0.0,False,False,True
90.63384303752356,0.4273738311807389,0.0,True,False,False
90.63384303752356,0.4273738311807389,127.68642782367888,False,True,False
90.63384303752356,0.4273738311807389,0.0,False,False,True
106.6210645579149,1.3812992799190804,0.0,True,False,False
106.6210645579149,1.3812992799190804,140.7609509397205,False,True,False
106.6210645579149,1.3812992799190804,0.0,False,False,True
83.14833412015827,0.7088334055393921,0.0,True,False,False
83.14833412015827,0.7088334055393921,121.91644705138472,False,True,False
83.14833412015827,0.7088334055393921,0.0,False,False,True
84.86757829217431,1.268149743826677,0.0,True,False,False
84.86757829217431,1.268149743826677,117.95455991075865,False,True,False
84.86757829217431,1.268149743826677,0.0,False,False,True
81.05815383424867,0.8893347955220025,0.0,True,False,False
81.05815383424867,0.8893347955220025,136.20693732796343,False,True,False
81.05815383424867,0.8893347955220025,0.0,False,False,True
108.90807726250884,0.3537673566465679,0.0,True,False,False
108.90807726250884,0.3537673566465679,126.2438886044648,False,True,False
108.90807726250884,0.3537673566465679,0.0,False,False,True
98.10729714604037,0.2598607408010712,0.0,True,False,False
98.10729714604037,0.2598607408010712,144.27462214948372,False,True,False
98.10729714604037,0.2598607408010712,0.0,False,False,True
112.8299379042767,0.9610390864255977,0.0,True,False,False
112.8299379042767,0.9610390864255977,119.10717109104338,False,True,False
112.8299379042767,0.9610390864255977,0.0,False,False,True
110.93429743684555,1.2843326854749713,0.0,True,False,False
110.93429743684555,1.2843326854749713,119.36174231780028,False,True,False
110.93429743684555,1.2843326854749713,0.0,False,False,True
90.8110304398746,0.3471277138219318,0.0,True,False,False
90.8110304398746,0.3471277138219318,111.28847817381438,False,True,False
90.8110304398746,0.3471277138219318,0.0,False,False,True
90.7135507353408,0.6320153237396862,0.0,True,False,False
90.7135507353408,0.6320153237396862,110.0294988841473,False,True,False
90.7135507353408,0.6320153237396862,0.0,False,False,True
117.04244123314665,1.4251259766164694,0.0,True,False,False
117.04244123314665,1.4251259766164694,132.2931000167952,False,True,False
117.04244123314665,1.4251259766164694,0.0,False,False,True
106.61088675241942,0.8810715964482051,0.0,True,False,False
106.61088675241942,0.8810715964482051,128.14812784012295,False,True,False
106.61088675241942,0.8810715964482051,0.0,False,False,True
118.48775552707792,0.6243717205435081,0.0,True,False,False
118.48775552707792,0.6243717205435081,142.8222220029071,False,True,False
118.48775552707792,0.6243717205435081,0.0,False,False,True
118.25536118576906,1.455533102383283,0.0,True,False,False
118.25536118576906,1.455533102383283,135.21189191688114,False,True,False
118.25536118576906,1.455533102383283,0.0,False,False,True
118.3732478125697,1.1830788912974286,0.0,True,False,False
118.3732478125697,1.1830788912974286,113.88480680156692,False,True,False
118.3732478125697,1.1830788912974286,0.0,False,False,True
113.4243139081053,0.7002392950685243,0.0,True,False,False
113.4243139081053,0.7002392950685243,121.25827488291183,False,True,False
113.4243139081053,0.7002392950685243,0.0,False,False,True
114.79494010610652,1.1310120321773671,0.0,True,False,False
114.79494010610652,1.1310120321773671,141.62300172440328,False,True,False
114.79494010610652,1.1310120321773671,0.0,False,False,True
99.53262634731875,0.9550557637162862,0.0,True,False,False
99.53262634731875,0.9550557637162862,140.68506970425022,False,True,False
99.53262634731875,0.9550557637162862,0.0,False,False,True
101.15848366168532,0.759634548356273,0.0,True,False,False
101.15848366168532,0.759634548356273,143.98779241642077,False,True,False
101.15848366168532,0.759634548356273,0.0,False,False,True
107.19402252962708,1.4138353102364796,0.0,True,False,False
107.19402252962708,1.4138353102364796,136.45954327553966,False,True,False
107.19402252962708,1.4138353102364796,0.0,False,False,True
101.86760867029274,0.3893255069982103,0.0,True,False,False
101.86760867029274,0.3893255069982103,142.9055619638774,False,True,False
101.86760867029274,0.3893255069982103,0.0,False,False,True
90.29590284491566,0.8894098850088027,0.0,True,False,False
90.29590284491566,0.8894098850088027,123.84425277420296,False,True,False
90.29590284491566,0.8894098850088027,0.0,False,False,True
118.8452128492922,0.7907948239695675,0.0,True,False,False
118.8452128492922,0.7907948239695675,129.62047043336847,False,True,False
118.8452128492922,0.7907948239695675,0.0,False,False,True
80.18027807070209,1.07719493615479,0.0,True,False,False
80.18027807070209,1.07719493615479,127.5831723816591,False,True,False
80.18027807070209,1.07719493615479,0.0,False,False,True
102.8074310931888,0.8914146819939668,0.0,True,False,False
102.8074310931888,0.8914146819939668,144.02267267082735,False,True,False
102.8074310931888,0.8914146819939668,0.0,False,False,True
115.38509615252,0.9175908696843534,0.0,True,False,False
115.38509615252,0.9175908696843534,117.38687092773448,False,True,False
115.38509615252,0.9175908696843534,0.0,False,False,True
95.55039297932238,0.2976440759144636,0.0,True,False,False
95.55039297932238,0.2976440759144636,115.56511044967333,False,True,False
95.55039297932238,0.2976440759144636,0.0,False,False,True
81.85783062717184,0.7635820196459013,0.0,True,False,False
81.85783062717184,0.7635820196459013,122.69939075151404,False,True,False
81.85783062717184,0.7635820196459013,0.0,False,False,True
110.92178339405574,1.383161918133695,0.0,True,False,False
110.92178339405574,1.383161918133695,141.3601226191752,False,True,False
110.92178339405574,1.383161918133695,0.0,False,False,True
100.76078777538518,0.8287142510825845,0.0,True,False,False
100.76078777538518,0.8287142510825845,132.98141435739717,False,True,False
100.76078777538518,0.8287142510825845,0.0,False,False,True
100.79613196324942,0.8231349281543298,0.0,True,False,False
100.79613196324942,0.8231349281543298,129.06222106865482,False,True,False
100.79613196324942,0.8231349281543298,0.0,False,False,True
109.10315033218986,1.2438584596781064,0.0,True,False,False
109.10315033218986,1.2438584596781064,137.7248673445336,False,True,False
109.10315033218986,1.2438584596781064,0.0,False,False,True
91.83541521922405,0.2835932497108634,0.0,True,False,False
91.83541521922405,0.2835932497108634,119.42870690601492,False,True,False
91.83541521922405,0.2835932497108634,0.0,False,False,True
113.6003283205603,0.2951044473342731,0.0,True,False,False
113.6003283205603,0.2951044473342731,119.05801213536353,False,True,False
113.6003283205603,0.2951044473342731,0.0,False,False,True
108.61772142349082,0.811535118853641,0.0,True,False,False
108.61772142349082,0.811535118853641,112.07457842235122,False,True,False
108.61772142349082,0.811535118853641,0.0,False,False,True
80.04232166578188,1.236461177042132,0.0,True,False,False
80.04232166578188,1.236461177042132,123.49253064534992,False,True,False
80.04232166578188,1.236461177042132,0.0,False,False,True
117.26146103994674,1.3636264513547882,0.0,True,False,False
117.26146103994674,1.3636264513547882,122.7153377796128,False,True,False
117.26146103994674,1.3636264513547882,0.0,False,False,True
94.17387231189716,0.8111403402063888,0.0,True,False,False
94.17387231189716,0.8111403402063888,149.79771704076308,False,True,False
94.17387231189716,0.8111403402063888,0.0,False,False,True
118.00320184183516,1.0190218476312904,0.0,True,False,False
118.00320184183516,1.0190218476312904,136.06954176923628,False,True,False
118.00320184183516,1.0190218476312904,0.0,False,False,True
91.3791183105833,0.4196207188678936,0.0,True,False,False
91.3791183105833,0.4196207188678936,149.1064073873121,False,True,False
91.3791183105833,0.4196207188678936,0.0,False,False,True
89.23949624302573,0.8891976168397446,0.0,True,False,False
89.23949624302573,0.8891976168397446,138.97247874496367,False,True,False
89.23949624302573,0.8891976168397446,0.0,False,False,True
105.8414982633616,0.9229149070286256,0.0,True,False,False
105.8414982633616,0.9229149070286256,147.34882288057972,False,True,False
105.8414982633616,0.9229149070286256,0.0,False,False,True
84.92733930697193,1.404512227440513,0.0,True,False,False
84.92733930697193,1.404512227440513,140.46749372154275,False,True,False
84.92733930697193,1.404512227440513,0.0,False,False,True
81.2277999125914,1.425005869336521,0.0,True,False,False
81.2277999125914,1.425005869336521,112.97794868697244,False,True,False
81.2277999125914,1.425005869336521,0.0,False,False,True
104.26423127031435,0.8232499058393283,0.0,True,False,False
104.26423127031435,0.8232499058393283,113.2625062451214,False,True,False
104.26423127031435,0.8232499058393283,0.0,False,False,True
106.40319727506348,1.402079018343042,0.0,True,False,False
106.40319727506348,1.402079018343042,142.1631983330013,False,True,False
106.40319727506348,1.402079018343042,0.0,False,False,True
109.80004610284992,1.4556012435058676,0.0,True,False,False
109.80004610284992,1.4556012435058676,133.6977383111615,False,True,False
109.80004610284992,1.4556012435058676,0.0,False,False,True
101.72160813431069,0.4533748938654703,0.0,True,False,False
101.72160813431069,0.4533748938654703,112.18689768263984,False,True,False
101.72160813431069,0.4533748938654703,0.0,False,False,True
111.01855829723306,0.7434954251724755,0.0,True,False,False
111.01855829723306,0.7434954251724755,112.4715962905126,False,True,False
111.01855829723306,0.7434954251724755,0.0,False,False,True
91.87064806366703,1.426783987308773,0.0,True,False,False
91.87064806366703,1.426783987308773,128.95358940381004,False,True,False
91.87064806366703,1.426783987308773,0.0,False,False,True
97.93787949788005,1.34265170372213,0.0,True,False,False
97.93787949788005,1.34265170372213,143.05070219944062,False,True,False
97.93787949788005,1.34265170372213,0.0,False,False,True
114.06448331342628,1.4464457886836493,0.0,True,False,False
114.06448331342628,1.4464457886836493,143.62025241952705,False,True,False
114.06448331342628,1.4464457886836493,0.0,False,False,True
80.13595957177012,0.9106463254105877,0.0,True,False,False
80.13595957177012,0.9106463254105877,122.79603912282288,False,True,False
80.13595957177012,0.9106463254105877,0.0,False,False,True
99.971762310523,0.4855088387261843,0.0,True,False,False
99.971762310523,0.4855088387261843,118.06358485466625,False,True,False
99.971762310523,0.4855088387261843,0.0,False,False,True
93.78632566487462,0.9292633031407224,0.0,True,False,False
93.78632566487462,0.9292633031407224,124.37847744690217,False,True,False
93.78632566487462,0.9292633031407224,0.0,False,False,True
117.46812453360826,0.2961332925706237,0.0,True,False,False
117.46812453360826,0.2961332925706237,142.15967148877195,False,True,False
117.46812453360826,0.2961332925706237,0.0,False,False,True
90.94735355375109,0.5621915786084419,0.0,True,False,False
90.94735355375109,0.5621915786084419,143.2900649319619,False,True,False
90.94735355375109,0.5621915786084419,0.0,False,False,True
107.5410909601364,0.4341880333681788,0.0,True,False,False
107.5410909601364,0.4341880333681788,120.76633853650353,False,True,False
107.5410909601364,0.4341880333681788,0.0,False,False,True
108.86466735941318,0.8349511914342524,0.0,True,False,False
108.86466735941318,0.8349511914342524,129.34561784785336,False,True,False
108.86466735941318,0.8349511914342524,0.0,False,False,True
106.74095236750443,1.127545801437384,0.0,True,False,False
106.74095236750443,1.127545801437384,134.68667891664396,False,True,False
106.74095236750443,1.127545801437384,0.0,False,False,True
109.41793048357836,0.9452190182196332,0.0,True,False,False
109.41793048357836,0.9452190182196332,115.54553954315632,False,True,False
109.41793048357836,0.9452190182196332,0.0,False,False,True
107.6875482789615,1.1939791151331178,0.0,True,False,False
107.6875482789615,1.1939791151331178,116.82978033233464,False,True,False
107.6875482789615,1.1939791151331178,0.0,False,False,True
112.16590006978316,1.3933479642780575,0.0,True,False,False
112.16590006978316,1.3933479642780575,122.764845845713,False,True,False
112.16590006978316,1.3933479642780575,0.0,False,False,True
89.51903095662578,0.7113128163870153,0.0,True,False,False
89.51903095662578,0.7113128163870153,136.024256221498,False,True,False
89.51903095662578,0.7113128163870153,0.0,False,False,True
95.59272873665,1.1163985390698974,0.0,True,False,False
95.59272873665,1.1163985390698974,132.18400027557584,False,True,False
95.59272873665,1.1163985390698974,0.0,False,False,True
83.0665303567135,0.930884769491688,0.0,True,False,False
83.0665303567135,0.930884769491688,137.5414984165315,False,True,False
83.0665303567135,0.930884769491688,0.0,False,False,True
116.6518349087709,1.390388790640254,0.0,True,False,False
116.6518349087709,1.390388790640254,133.09313603387218,False,True,False
116.6518349087709,1.390388790640254,0.0,False,False,True
100.8537863023005,1.4742457578026564,0.0,True,False,False
100.8537863023005,1.4742457578026564,130.97569907408274,False,True,False
100.8537863023005,1.4742457578026564,0.0,False,False,True
89.61076814629564,1.044005749728472,0.0,True,False,False
89.61076814629564,1.044005749728472,146.5671324761375,False,True,False
89.61076814629564,1.044005749728472,0.0,False,False,True
112.10295750817193,0.7328339434297534,0.0,True,False,False
112.10295750817193,0.7328339434297534,143.69750868580567,False,True,False
112.10295750817193,0.7328339434297534,0.0,False,False,True
116.05896968724544,0.3879180977505513,0.0,True,False,False
116.05896968724544,0.3879180977505513,119.38082605256848,False,True,False
116.05896968724544,0.3879180977505513,0.0,False,False,True
82.14381348777731,0.6363930392689641,0.0,True,False,False
82.14381348777731,0.6363930392689641,143.96062820729543,False,True,False
82.14381348777731,0.6363930392689641,0.0,False,False,True
89.92982287688908,1.082672964411545,0.0,True,False,False
89.92982287688908,1.082672964411545,139.52210451838295,False,True,False
89.92982287688908,1.082672964411545,0.0,False,False,True
113.69979258758048,0.7041276400627426,0.0,True,False,False
113.69979258758048,0.7041276400627426,134.21310336178476,False,True,False
113.69979258758048,0.7041276400627426,0.0,False,False,True
107.53891973790066,0.2980604122048229,0.0,True,False,False
107.53891973790066,0.2980604122048229,127.51556064244387,False,True,False
107.53891973790066,0.2980604122048229,0.0,False,False,True
118.5752092697776,1.4948651686091077,0.0,True,False,False
118.5752092697776,1.4948651686091077,125.78551859808042,False,True,False
118.5752092697776,1.4948651686091077,0.0,False,False,True
101.54194173048148,1.2450439490994123,0.0,True,False,False
101.54194173048148,1.2450439490994123,143.83269754810723,False,True,False
101.54194173048148,1.2450439490994123,0.0,False,False,True
93.9496796969044,0.7723395042751935,0.0,True,False,False
93.9496796969044,0.7723395042751935,145.37526329320974,False,True,False
93.9496796969044,0.7723395042751935,0.0,False,False,True
80.22316362027044,0.2981486065104063,0.0,True,False,False
80.22316362027044,0.2981486065104063,121.5758995501842,False,True,False
80.22316362027044,0.2981486065104063,0.0,False,False,True
96.21288719134306,0.7919562849152517,0.0,True,False,False
96.21288719134306,0.7919562849152517,123.9457210397332,False,True,False
96.21288719134306,0.7919562849152517,0.0,False,False,True
104.07517743165012,0.4856261481880808,0.0,True,False,False
104.07517743165012,0.4856261481880808,121.4888127626474,False,True,False
104.07517743165012,0.4856261481880808,0.0,False,False,True
111.8370747815122,1.4103488135051527,0.0,True,False,False
111.8370747815122,1.4103488135051527,116.17015671124209,False,True,False
111.8370747815122,1.4103488135051527,0.0,False,False,True
84.21837158550136,0.4452285263805772,0.0,True,False,False
84.21837158550136,0.4452285263805772,140.47560758501243,False,True,False
84.21837158550136,0.4452285263805772,0.0,False,False,True
102.05913795621233,0.671026645603257,0.0,True,False,False
102.05913795621233,0.671026645603257,115.56014482932156,False,True,False
102.05913795621233,0.671026645603257,0.0,False,False,True
100.4748838118937,1.0621569131839192,0.0,True,False,False
100.4748838118937,1.0621569131839192,133.92515027513986,False,True,False
100.4748838118937,1.0621569131839192,0.0,False,False,True
112.70760544696265,0.8462135446111928,0.0,True,False,False
112.70760544696265,0.8462135446111928,117.57579756095528,False,True,False
112.70760544696265,0.8462135446111928,0.0,False,False,True
113.86821388012334,0.6835805735745063,0.0,True,False,False
113.86821388012334,0.6835805735745063,131.70988916450676,False,True,False
113.86821388012334,0.6835805735745063,0.0,False,False,True
98.4795868918174,0.6438468023357964,0.0,True,False,False
98.4795868918174,0.6438468023357964,135.33317649461648,False,True,False
98.4795868918174,0.6438468023357964,0.0,False,False,True
85.13299797046784,0.9129383730462568,0.0,True,False,False
85.13299797046784,0.9129383730462568,142.8859433158819,False,True,False
85.13299797046784,0.9129383730462568,0.0,False,False,True
95.4380323681352,0.8190635842186873,0.0,True,False,False
95.4380323681352,0.8190635842186873,122.01428754825562,False,True,False
95.4380323681352,0.8190635842186873,0.0,False,False,True
82.85214946901036,0.9559841787929632,0.0,True,False,False
82.85214946901036,0.9559841787929632,111.77220898104152,False,True,False
82.85214946901036,0.9559841787929632,0.0,False,False,True
117.24951697443208,0.354277776444813,0.0,True,False,False
117.24951697443208,0.354277776444813,136.88086099132656,False,True,False
117.24951697443208,0.354277776444813,0.0,False,False,True
94.06547443074032,0.4100410163887699,0.0,True,False,False
94.06547443074032,0.4100410163887699,126.29444156776196,False,True,False
94.06547443074032,0.4100410163887699,0.0,False,False,True
97.30645659436313,0.650071075764653,0.0,True,False,False
97.30645659436313,0.650071075764653,129.7239326353961,False,True,False
97.30645659436313,0.650071075764653,0.0,False,False,True
111.866103263533,0.3367832334789027,0.0,True,False,False
111.866103263533,0.3367832334789027,139.54901374204155,False,True,False
111.866103263533,0.3367832334789027,0.0,False,False,True
88.70426149040289,1.2980930040892698,0.0,True,False,False
88.70426149040289,1.2980930040892698,110.12024888438224,False,True,False
88.70426149040289,1.2980930040892698,0.0,False,False,True
108.16955543591668,0.6280524210760767,0.0,True,False,False
108.16955543591668,0.6280524210760767,149.0382077787969,False,True,False
108.16955543591668,0.6280524210760767,0.0,False,False,True
104.12844706904808,0.7011690269029629,0.0,True,False,False
104.12844706904808,0.7011690269029629,145.63809993428458,False,True,False
104.12844706904808,0.7011690269029629,0.0,False,False,True
114.83187971993856,0.922192240460212,0.0,True,False,False
114.83187971993856,0.922192240460212,149.67231856063884,False,True,False
114.83187971993856,0.922192240460212,0.0,False,False,True
100.96939668777016,0.8104532327644265,0.0,True,False,False
100.96939668777016,0.8104532327644265,145.77352976497747,False,True,False
100.96939668777016,0.8104532327644265,0.0,False,False,True
86.2711190449807,0.8289355832392677,0.0,True,False,False
86.2711190449807,0.8289355832392677,141.76225670422858,False,True,False
86.2711190449807,0.8289355832392677,0.0,False,False,True
82.7150628288785,0.4696222364179009,0.0,True,False,False
82.7150628288785,0.4696222364179009,115.26428313951368,False,True,False
82.7150628288785,0.4696222364179009,0.0,False,False,True
102.2106028326692,1.488344845992871,0.0,True,False,False
102.2106028326692,1.488344845992871,147.18719825614795,False,True,False
102.2106028326692,1.488344845992871,0.0,False,False,True
110.25553256515596,0.955475851425909,0.0,True,False,False
110.25553256515596,0.955475851425909,142.41158666900412,False,True,False
110.25553256515596,0.955475851425909,0.0,False,False,True
113.41881486228158,1.2875842669259734,0.0,True,False,False
113.41881486228158,1.2875842669259734,132.85080937244433,False,True,False
113.41881486228158,1.2875842669259734,0.0,False,False,True
98.24749564582368,1.152766757630036,0.0,True,False,False
98.24749564582368,1.152766757630036,124.76257511708543,False,True,False
98.24749564582368,1.152766757630036,0.0,False,False,True
119.6712302657315,1.0473993612625991,0.0,True,False,False
119.6712302657315,1.0473993612625991,122.64648344028753,False,True,False
119.6712302657315,1.0473993612625991,0.0,False,False,True
110.60170434069204,1.0637131817240066,0.0,True,False,False
110.60170434069204,1.0637131817240066,114.2901574096624,False,True,False
110.60170434069204,1.0637131817240066,0.0,False,False,True
92.04495232319852,0.9484470090204188,0.0,True,False,False
92.04495232319852,0.9484470090204188,124.18183568488934,False,True,False
92.04495232319852,0.9484470090204188,0.0,False,False,True
118.69540297380968,0.6104700205285948,0.0,True,False,False
118.69540297380968,0.6104700205285948,146.6931848797811,False,True,False
118.69540297380968,0.6104700205285948,0.0,False,False,True
84.05953656802544,0.4493975871351506,0.0,True,False,False
84.05953656802544,0.4493975871351506,118.07335172879571,False,True,False
84.05953656802544,0.4493975871351506,0.0,False,False,True
106.63598660134237,0.8965372384284357,0.0,True,False,False
106.63598660134237,0.8965372384284357,114.47159659029953,False,True,False
106.63598660134237,0.8965372384284357,0.0,False,False,True
96.31439741060724,0.452620979330365,0.0,True,False,False
96.31439741060724,0.452620979330365,110.80411392847454,False,True,False
96.31439741060724,0.452620979330365,0.0,False,False,True
86.61797308595231,1.4656169238531915,0.0,True,False,False
86.61797308595231,1.4656169238531915,149.25772154157815,False,True,False
86.61797308595231,1.4656169238531915,0.0,False,False,True
98.63033257109356,0.537912528193349,0.0,True,False,False
98.63033257109356,0.537912528193349,125.44732827540469,False,True,False
98.63033257109356,0.537912528193349,0.0,False,False,True
98.86809227400592,0.404448000091156,0.0,True,False,False
98.86809227400592,0.404448000091156,145.25652513482868,False,True,False
98.86809227400592,0.404448000091156,0.0,False,False,True
82.84656436489537,0.8424207402959176,0.0,True,False,False
82.84656436489537,0.8424207402959176,122.7741314990856,False,True,False
82.84656436489537,0.8424207402959176,0.0,False,False,True
110.044842077187,0.7458505653334667,0.0,True,False,False
110.044842077187,0.7458505653334667,129.3395023025839,False,True,False
110.044842077187,0.7458505653334667,0.0,False,False,True
95.61793138944404,0.3176089346872519,0.0,True,False,False
95.61793138944404,0.3176089346872519,139.37005081187957,False,True,False
95.61793138944404,0.3176089346872519,0.0,False,False,True
84.34207625034436,0.4661436370600277,0.0,True,False,False
84.34207625034436,0.4661436370600277,125.30148790098364,False,True,False
84.34207625034436,0.4661436370600277,0.0,False,False,True
97.54956677746316,0.9447191389688268,0.0,True,False,False
97.54956677746316,0.9447191389688268,110.24684215494592,False,True,False
97.54956677746316,0.9447191389688268,0.0,False,False,True
107.99840746819874,0.4519523754240065,0.0,True,False,False
107.99840746819874,0.4519523754240065,129.74069157136736,False,True,False
107.99840746819874,0.4519523754240065,0.0,False,False,True
102.9538919584435,0.6593018986649961,0.0,True,False,False
102.9538919584435,0.6593018986649961,139.9436431242922,False,True,False
102.9538919584435,0.6593018986649961,0.0,False,False,True
91.4506449122666,1.456454035243227,0.0,True,False,False
91.4506449122666,1.456454035243227,146.25257303493828,False,True,False
91.4506449122666,1.456454035243227,0.0,False,False,True
89.42007147955616,0.4428639857588943,0.0,True,False,False
89.42007147955616,0.4428639857588943,144.22699120955198,False,True,False
89.42007147955616,0.4428639857588943,0.0,False,False,True
108.99206429067404,0.6161348507060667,0.0,True,False,False
108.99206429067404,0.6161348507060667,139.26177072426333,False,True,False
108.99206429067404,0.6161348507060667,0.0,False,False,True
101.62886343340172,0.9384374490242186,0.0,True,False,False
101.62886343340172,0.9384374490242186,128.31036201976508,False,True,False
101.62886343340172,0.9384374490242186,0.0,False,False,True
107.3741597212858,0.3376667484289624,0.0,True,False,False
107.3741597212858,0.3376667484289624,111.92932245649098,False,True,False
107.3741597212858,0.3376667484289624,0.0,False,False,True
106.3010036116529,1.4127824319391131,0.0,True,False,False
106.3010036116529,1.4127824319391131,145.71332861336953,False,True,False
106.3010036116529,1.4127824319391131,0.0,False,False,True
85.74246571230893,0.3477287632495871,0.0,True,False,False
85.74246571230893,0.3477287632495871,144.43861224956098,False,True,False
85.74246571230893,0.3477287632495871,0.0,False,False,True
95.00882765942347,0.9413162903299632,0.0,True,False,False
95.00882765942347,0.9413162903299632,137.88583003716914,False,True,False
95.00882765942347,0.9413162903299632,0.0,False,False,True
101.63385870411126,0.3121108025617705,0.0,True,False,False
101.63385870411126,0.3121108025617705,114.57253982839552,False,True,False
101.63385870411126,0.3121108025617705,0.0,False,False,True
90.3764642344846,0.4696765484314811,0.0,True,False,False
90.3764642344846,0.4696765484314811,133.43363391630578,False,True,False
90.3764642344846,0.4696765484314811,0.0,False,False,True
96.68555767952776,1.0989351101200064,0.0,True,False,False
96.68555767952776,1.0989351101200064,111.23505508714528,False,True,False
96.68555767952776,1.0989351101200064,0.0,False,False,True
94.86922321549164,1.394435223335447,0.0,True,False,False
94.86922321549164,1.394435223335447,125.73830533473028,False,True,False
94.86922321549164,1.394435223335447,0.0,False,False,True
108.2472462262304,0.798547406658375,0.0,True,False,False
108.2472462262304,0.798547406658375,140.7879404641362,False,True,False
108.2472462262304,0.798547406658375,0.0,False,False,True
102.24334334556607,1.387586492928659,0.0,True,False,False
102.24334334556607,1.387586492928659,142.65018640953903,False,True,False
102.24334334556607,1.387586492928659,0.0,False,False,True
115.19998022863204,1.1651982470757043,0.0,True,False,False
115.19998022863204,1.1651982470757043,114.11753667106036,False,True,False
115.19998022863204,1.1651982470757043,0.0,False,False,True
82.83922782487691,1.3330550996750674,0.0,True,False,False
82.83922782487691,1.3330550996750674,135.6376140747179,False,True,False
82.83922782487691,1.3330550996750674,0.0,False,False,True
111.24473607743012,0.338944156973485,0.0,True,False,False
111.24473607743012,0.338944156973485,146.56416550178378,False,True,False
111.24473607743012,0.338944156973485,0.0,False,False,True
84.20234208694477,0.6955801530490661,0.0,True,False,False
84.20234208694477,0.6955801530490661,130.95496007223795,False,True,False
84.20234208694477,0.6955801530490661,0.0,False,False,True
109.45513920082732,0.6105079908115791,0.0,True,False,False
109.45513920082732,0.6105079908115791,117.55427357281069,False,True,False
109.45513920082732,0.6105079908115791,0.0,False,False,True
102.25590357874928,0.7277439689237011,0.0,True,False,False
102.25590357874928,0.7277439689237011,127.72409232610262,False,True,False
102.25590357874928,0.7277439689237011,0.0,False,False,True
103.51514923466986,1.1870865739316168,0.0,True,False,False
103.51514923466986,1.1870865739316168,137.0910507691336,False,True,False
103.51514923466986,1.1870865739316168,0.0,False,False,True
102.4442108832789,0.3425934500949146,0.0,True,False,False
102.4442108832789,0.3425934500949146,141.77630341208345,False,True,False
102.4442108832789,0.3425934500949146,0.0,False,False,True
87.97050535107385,0.4604885846178109,0.0,True,False,False
87.97050535107385,0.4604885846178109,125.21550393127252,False,True,False
87.97050535107385,0.4604885846178109,0.0,False,False,True
98.21106172985108,1.1348901753156893,0.0,True,False,False
98.21106172985108,1.1348901753156893,122.0909255278362,False,True,False
98.21106172985108,1.1348901753156893,0.0,False,False,True
118.22653160820234,0.8967784918823883,0.0,True,False,False
118.22653160820234,0.8967784918823883,117.43245426966408,False,True,False
118.22653160820234,0.8967784918823883,0.0,False,False,True
95.24235199285174,0.5908563192691358,0.0,True,False,False
95.24235199285174,0.5908563192691358,124.20107703917478,False,True,False
95.24235199285174,0.5908563192691358,0.0,False,False,True
97.68746162245871,0.7021217226788494,0.0,True,False,False
97.68746162245871,0.7021217226788494,148.42615084020213,False,True,False
97.68746162245871,0.7021217226788494,0.0,False,False,True
114.8002318808694,1.1267511661923906,0.0,True,False,False
114.8002318808694,1.1267511661923906,126.05591040666572,False,True,False
114.8002318808694,1.1267511661923906,0.0,False,False,True
84.3499897598949,0.3870417037404003,0.0,True,False,False
84.3499897598949,0.3870417037404003,138.53889412461328,False,True,False
84.3499897598949,0.3870417037404003,0.0,False,False,True
113.30812572780916,1.0536156800369596,0.0,True,False,False
113.30812572780916,1.0536156800369596,142.29332394826105,False,True,False
113.30812572780916,1.0536156800369596,0.0,False,False,True
94.25716242486168,0.9010970446657662,0.0,True,False,False
94.25716242486168,0.9010970446657662,145.08684914180884,False,True,False
94.25716242486168,0.9010970446657662,0.0,False,False,True
83.0099341282654,1.295630057472388,0.0,True,False,False
83.0099341282654,1.295630057472388,133.75349936807794,False,True,False
83.0099341282654,1.295630057472388,0.0,False,False,True
101.50420849720516,0.5763841921274052,0.0,True,False,False
101.50420849720516,0.5763841921274052,140.2451186396158,False,True,False
101.50420849720516,0.5763841921274052,0.0,False,False,True
109.3780307340894,0.6402665111350769,0.0,True,False,False
109.3780307340894,0.6402665111350769,138.20982454764388,False,True,False
109.3780307340894,0.6402665111350769,0.0,False,False,True
81.16413511925698,1.467076016788988,0.0,True,False,False
81.16413511925698,1.467076016788988,136.2721689327211,False,True,False
81.16413511925698,1.467076016788988,0.0,False,False,True
103.70945119715384,0.4357620999910365,0.0,True,False,False
103.70945119715384,0.4357620999910365,111.09332368328306,False,True,False
103.70945119715384,0.4357620999910365,0.0,False,False,True
90.16577347251376,0.3815417019135756,0.0,True,False,False
90.16577347251376,0.3815417019135756,136.7880069389492,False,True,False
90.16577347251376,0.3815417019135756,0.0,False,False,True
103.83594766049896,1.40007146681164,0.0,True,False,False
103.83594766049896,1.40007146681164,131.69215840173132,False,True,False
103.83594766049896,1.40007146681164,0.0,False,False,True
118.36104698402715,0.7775744160730335,0.0,True,False,False
118.36104698402715,0.7775744160730335,135.68698487217745,False,True,False
118.36104698402715,0.7775744160730335,0.0,False,False,True
89.70765992357049,0.8185479644766857,0.0,True,False,False
89.70765992357049,0.8185479644766857,112.7139008650008,False,True,False
89.70765992357049,0.8185479644766857,0.0,False,False,True
119.9803808677796,0.9461989886180872,0.0,True,False,False
119.9803808677796,0.9461989886180872,121.49971503757229,False,True,False
119.9803808677796,0.9461989886180872,0.0,False,False,True
109.5223564226909,0.2686604108606272,0.0,True,False,False
109.5223564226909,0.2686604108606272,133.01499037116247,False,True,False
109.5223564226909,0.2686604108606272,0.0,False,False,True
