type,K,T,barrier,vol_mean,vol_T,vol_std,MC,MLP,abs_error,note,mlp_time
barrier,114.55880209024802,0.764914414757748,146.33059212853533,0.039928921804615575,0.040536497498708746,0.018560384578476367,1.5447635386529663,2.7787411212921143,1.233977582639148,,0.0009937286376953125
lookback,84.00374464360245,0.8541250651827914,0.0,0.04013394981748247,0.04025085079735547,0.01850201718584831,13.76202871269557,16.882232666015625,3.120203953320056,,0.0
asian,94.02390554104811,0.7674643203144005,0.0,0.03981101470948845,0.03966554882989567,0.0181121648727715,7.673130279486938,8.817935943603516,1.1448056641165776,,0.0
barrier,93.3541032618694,1.4030412130687622,116.08709650480337,0.03958813766893429,0.038939390212518354,0.01783753984484664,2.038623890394065,2.631011724472046,0.5923878340779809,,0.0
barrier,80.65909460656763,1.3247639903034847,139.33158959553947,0.03969605631802699,0.04003022890204239,0.018124170185270943,17.96989485224839,16.662670135498047,1.3072247167503441,,0.0
barrier,97.12793313697192,0.45264929138288434,116.05567715357734,0.039913214797219265,0.039772715545275394,0.017051696803200563,3.360958814237059,3.7252871990203857,0.36432838478332696,,0.000997304916381836
barrier,93.43635281057789,0.8808060414702339,126.45869812644757,0.039950356476714396,0.04035111158263565,0.01855482461415579,7.049685265008133,6.268103122711182,0.7815821422969513,,0.0
barrier,101.87534676312805,1.1838597394764832,144.6646312290561,0.039938747629155294,0.039709009922859584,0.018294985249031004,6.354355505659061,6.562352657318115,0.20799715165905397,,0.0
lookback,114.69572596147522,0.9288543189538356,0.0,0.0405085726550824,0.04015235349024116,0.018646942196762682,14.39153521422388,16.369121551513672,1.9775863372897913,,0.0
barrier,116.41447078765103,1.3331975623361503,128.0898119928931,0.04017482355100547,0.040697488598049995,0.018414166754141748,0.338992287032437,0.6675212383270264,0.32852895129458937,,0.0
barrier,118.0918638797383,1.2879737312635096,131.97104077043724,0.04058332439210956,0.040272789377803125,0.018655160129864443,0.5789659706765274,0.8607776165008545,0.28181164582432705,,0.0
barrier,117.9570673730559,0.6369102100347988,123.77849765411598,0.040179942312548886,0.04006864806909613,0.018211831860127235,0.0869526525316207,1.5666593313217163,1.4797066787900957,,0.0
barrier,118.8132015337106,0.5915140944865702,123.19603503316291,0.04010441567467866,0.04013330612796165,0.017797942848931828,0.04911879790992001,1.343813419342041,1.294694621432121,,0.0
barrier,105.82004929114139,0.70776887685799,125.19244707055216,0.03993793155460636,0.03992400646433256,0.018350735677242918,2.0766098196252103,3.336115598678589,1.2595057790533786,,0.0
asian,102.80778434518741,0.48424202683760803,0.0,0.03976107986341416,0.03965546508026538,0.017230034229790435,2.0119648105431827,4.237541675567627,2.2255768650244443,,0.0
barrier,97.19520723440874,0.5438498213305423,120.46201648028999,0.03965577119844935,0.03947877583564462,0.017863245632473115,4.674806092766805,4.477693557739258,0.19711253502754733,,0.000997781753540039
lookback,110.33444802931353,0.6382528374141976,0.0,0.040244629177973064,0.039858050840670435,0.018346477938474885,12.397517545630663,15.052875518798828,2.655357973168165,,0.0
lookback,103.8276622187437,1.0307172441214134,0.0,0.040105603467213424,0.04069019710330046,0.018540580236897756,15.23699220698867,16.531641006469727,1.294648799481056,,0.0
barrier,87.87294917031174,0.45243290105063344,114.31727460421669,0.039906926175833725,0.03983244113625902,0.01682020331343175,7.214547206447067,6.688043594360352,0.5265036120867155,,0.0
lookback,105.48605876225042,0.8180407645508831,0.0,0.040142949442782835,0.04099425977831719,0.018639472230161908,13.543318532508204,15.963871955871582,2.420553423363378,,0.000997781753540039
lookback,84.05390186638367,1.4212405025526478,0.0,0.03981087730281232,0.04057331164197234,0.017766502785168684,17.85477297020102,16.39374351501465,1.4610294551863703,,0.0
asian,89.05829456815623,1.2233373454497227,0.0,0.04016071864445086,0.04008769136954777,0.018456671522962886,12.221136731942464,12.598657608032227,0.37752087608976304,,0.0
asian,80.90437793502835,0.3215184944397207,0.0,0.04034475961686047,0.04057747269891285,0.015627121007782387,18.936319558318893,19.161300659179688,0.22498110086079492,,7.677078247070312e-05
barrier,84.42476762610411,0.49649135733734284,127.07283573967325,0.04024226942456695,0.03997093027491776,0.017678441705073558,15.170138696838583,11.856708526611328,3.313430170227255,,0.0
barrier,85.81465598792929,1.2887408598636485,122.84499448028868,0.04018466812848261,0.039725824661131656,0.01856197025370997,7.83400130669038,7.628253936767578,0.2057473699228023,,0.000997304916381836
asian,91.20532464243888,1.485936715532279,0.0,0.03990497228388734,0.03979587332252564,0.017859232711517712,10.963028061753377,10.901800155639648,0.061227906113728636,,0.0
barrier,110.0508796479237,1.2524914184372513,134.2472053454581,0.03965615766683456,0.03982334442674584,0.017985505916366443,2.076907694948072,1.9914432764053345,0.08546441854273734,,0.0
barrier,103.74446734884116,0.2599090662505283,130.0186109162235,0.03980706220353269,0.039934511177533515,0.014663155354341173,2.3219987805432662,3.160352945327759,0.8383541647844925,,0.0
barrier,91.06700429597171,0.9098422119055078,118.59382865502603,0.04001513095802357,0.03979730528025757,0.018704108275076792,5.062216874790012,3.888310194015503,1.1739066807745093,,0.0
asian,82.96894502486148,1.364345345681146,0.0,0.04001269289481344,0.040794495686389765,0.01797895393604787,17.72966533007531,17.643922805786133,0.08574252428917717,,0.0
barrier,99.73365346760502,0.258336871618288,124.70697810566635,0.0400426651554452,0.03991967760702543,0.014745472188252891,3.9652529656084283,3.8490264415740967,0.11622652403433165,,0.0
lookback,105.89895120140082,0.6991857586656218,0.0,0.04012152241779307,0.04004549834495834,0.018028550216570162,12.717334998709232,15.21695613861084,2.499621139901608,,0.0
lookback,109.70200002823879,1.2110267481290482,0.0,0.039975292494993375,0.03926841189752289,0.018378010632823526,16.329684173322345,17.134252548217773,0.8045683748954282,,0.0
lookback,104.87141055002253,0.7222356305457824,0.0,0.04025272673338725,0.040411658788028874,0.01869888387672501,12.874283187247507,15.673120498657227,2.79883731140972,,0.0
asian,105.19093377278642,1.2150119410497617,0.0,0.04015527393929938,0.0398339163533759,0.018389316073020297,2.711631832620388,2.8731343746185303,0.1615025419981424,,0.0
barrier,118.4917234623729,0.9468691596642971,113.71242010849701,0.03983992308374257,0.04036560109095815,0.018327868839077666,0.0,0.6763783693313599,0.6763783693313599,,0.0
asian,112.67523416956914,0.6822810324835045,0.0,0.04009922044934959,0.03970041816134871,0.018277008000599972,0.3556562332116393,1.4834465980529785,1.1277903648413392,,0.0
barrier,87.93636834075615,0.6816734261561899,121.29900574307763,0.04029941897639421,0.040330534849705245,0.017975091536685212,9.552772613798886,7.432306289672852,2.120466324126035,,0.0009839534759521484
lookback,91.47799907609829,0.8487037233625004,0.0,0.039967731637094224,0.04040501660725607,0.018375916572741867,13.753083037861698,16.314109802246094,2.561026764384396,,0.0009975433349609375
barrier,112.91824678953887,0.8607110391488395,113.27973307604368,0.03966409449100822,0.039296306525291175,0.017963021083338963,2.4609784423492444e-05,0.41406261920928955,0.41403800942486607,,0.0
barrier,103.9400553029678,0.37385739567242193,127.46188751327337,0.039669280000542366,0.04013340267825829,0.01611346857395578,2.643686040013472,3.2192981243133545,0.5756120842998826,,0.0
asian,119.95422153694507,1.3068661743390877,0.0,0.040159585994151564,0.03967347846770607,0.018326078889889824,0.2917667528237809,0.14139458537101746,0.15037216745276344,,0.0
barrier,111.73129050357025,1.0400530441244762,120.5723807944395,0.04010667631137684,0.03972987376435771,0.0186138514062087,0.21839317416374607,0.908875584602356,0.6904824104386099,,0.0
barrier,95.81131852963341,0.8815100663625126,132.75305154428477,0.03994835683708578,0.03949081522869514,0.018479535294210273,7.89316722590468,7.271006107330322,0.6221611185743576,,0.0
lookback,80.38621629171406,1.0156390206528847,0.0,0.04038515675084099,0.040406533867018514,0.018379251554178515,15.2492759317059,17.040224075317383,1.790948143611482,,0.0
lookback,89.40945696766393,1.0414768794960416,0.0,0.04037733522392832,0.04090611479704477,0.01882626207590227,15.36051895981314,16.833295822143555,1.4727768623304147,,0.0
lookback,119.4792329208903,1.1840674953793868,0.0,0.04009106597305629,0.040234567482876585,0.01892422352742239,16.238009705264684,17.645456314086914,1.4074466088222302,,0.0
lookback,107.50078702205272,0.3048944054024128,0.0,0.04022979241611332,0.03991333055901584,0.015467703259753336,8.808544942600784,11.025850296020508,2.2173053534197233,,0.0
barrier,82.07222566252003,0.8676468935111108,114.47380352247015,0.03980704086652015,0.0394619179052392,0.01867157166498331,6.8232815285962625,6.221992015838623,0.6012895127576394,,0.0010008811950683594
lookback,109.65351635288498,0.41644725084424106,0.0,0.040137340276844374,0.040214547647018484,0.01606133859938987,9.814620803894162,12.138096809387207,2.3234760054930454,,0.0010077953338623047
lookback,89.40923071713064,0.5964731593290836,0.0,0.039806885981562,0.03994246932993276,0.01792477009428407,11.687399100740842,15.827796936035156,4.140397835294314,,0.0
lookback,105.24410910694868,1.3385619279837275,0.0,0.04042270523141778,0.04045480980072413,0.018633174452456137,17.144878201217665,17.357694625854492,0.21281642463682715,,0.0
asian,89.71698181570224,1.0168283818261452,0.0,0.04000553598393197,0.039998401044293405,0.01854986890452926,11.534906381025001,12.033309936523438,0.4984035554984363,,0.0
lookback,83.68057212862695,0.5669612832458174,0.0,0.039950734876631866,0.039761624260134555,0.01758372588584504,11.58156717388208,16.155242919921875,4.573675746039795,,0.0
asian,89.72548240816387,1.3603566069581694,0.0,0.040122506118345516,0.040400754801925336,0.017845276619512837,11.83348511627581,11.822153091430664,0.011332024845145838,,0.0
lookback,117.01132839134623,1.2561431082483825,0.0,0.03999299007493564,0.03988407560437509,0.018082073356186255,16.76496625056659,17.238344192504883,0.47337794193829197,,0.0
lookback,109.09006598775667,0.9906955103950472,0.0,0.03962311858519003,0.03924231964152925,0.018346513427653338,15.101857910070168,16.499345779418945,1.3974878693487778,,0.0
asian,109.45783344659944,1.2834339882429815,0.0,0.039615943589006594,0.03998729921210603,0.01828064620219154,1.7135509774657953,1.6372461318969727,0.07630484556882267,,0.0
asian,105.63148140513007,1.1378136259606884,0.0,0.039782191131979505,0.04010226803611923,0.01805526362901737,2.5006688955028507,2.7466282844543457,0.24595938895149505,,0.0
asian,114.56950104368292,1.44474071479602,0.0,0.040135220501787014,0.040130911325872924,0.01802903042887321,0.9887926989502493,0.3717636168003082,0.6170290821499411,,0.0009927749633789062
asian,87.37890909643748,0.3683080150673438,0.0,0.039800487265604804,0.03940383077007881,0.016004159553882645,12.857610250490545,13.168110847473145,0.3105005969825996,,0.0010023117065429688
barrier,113.13963858067396,0.38259349496421613,113.43546715320947,0.040088422990755455,0.040072088198239667,0.016339739534498448,0.0002214072678093487,1.1777279376983643,1.177506530430555,,0.0
asian,114.46787846857367,0.9994524111718758,0.0,0.04006563806053937,0.0396647763712277,0.01865088344350505,0.49037900659509526,0.8835067749023438,0.3931277683072485,,0.0009963512420654297
asian,112.10484008471076,0.3048017452272348,0.0,0.04008781102790616,0.040204720825731455,0.01555127853359249,0.04104260203046801,1.1648238897323608,1.123781287701893,,0.0
barrier,97.20051236928335,0.43927191181697545,127.44338130462756,0.03979565966755278,0.03985860344310313,0.016982064894806314,6.195500982854756,6.610151767730713,0.4146507848759571,,0.000997781753540039
asian,105.8088415485815,1.0395696436742083,0.0,0.04005423055843635,0.04038106515497238,0.01840604489993444,2.2529918561865903,2.9685683250427246,0.7155764688561344,,0.0009937286376953125
lookback,118.95671394555137,0.6448262016322954,0.0,0.040037892400354366,0.04026687767202083,0.018427286414806343,12.196624931636073,15.168241500854492,2.971616569218419,,0.0
asian,111.34066060743983,1.4076551124210228,0.0,0.04066294106080067,0.040841531206351644,0.018514759749650656,1.4027672489368859,1.3184868097305298,0.08428043920635608,,0.0009987354278564453
barrier,96.70841232524803,0.7782057343242874,148.27375782843197,0.03964445570418548,0.03982626606094233,0.017884056931175656,8.300807779153658,9.895512580871582,1.5947048017179242,,0.0
barrier,110.57405916786496,1.0006960225593948,133.4422747248941,0.040056750835253854,0.03999226054074227,0.01829272912406397,1.8452888726565373,2.3936524391174316,0.5483635664608943,,0.0
asian,117.2610864899602,0.5712807486098236,0.0,0.03994581097218486,0.04011228287790771,0.018005395567982085,0.08745446566251498,1.5883153676986694,1.5008609020361545,,0.0
lookback,89.62160592957295,0.8061153238885794,0.0,0.040053504991112404,0.039900151981267354,0.018475246501804474,13.7645805914865,16.525522232055664,2.7609416405691647,,0.0
asian,89.62611590127845,0.40981048789232927,0.0,0.03988780042117308,0.03994552778733802,0.016579585619897405,10.65887049940525,11.758216857910156,1.0993463585049064,,0.0
asian,101.51395811267827,1.2244211412456627,0.0,0.03988925609464253,0.040073786800887946,0.018195345008899872,4.229257023531006,4.231684684753418,0.002427661222411892,,0.0
asian,103.7514468342356,1.3367362513890697,0.0,0.040429156279219045,0.04075173064192346,0.01826059465546002,3.3784509367549536,3.3434512615203857,0.03499967523456782,,0.0
asian,87.5419908037178,0.44792453365819596,0.0,0.039883932568591504,0.03962684772497349,0.016933836217856137,12.792341601383827,13.213863372802734,0.4215217714189077,,0.0009920597076416016
barrier,119.90824553566432,0.659781150281777,110.61637241163746,0.03998349774356201,0.0400629233658264,0.01839962189281887,0.0,1.1127463579177856,1.1127463579177856,,0.00099945068359375
barrier,91.24649639799222,0.6494612425758286,147.85334746583362,0.04015931524591431,0.040246004693751586,0.018269141986469572,11.642965673988025,12.860027313232422,1.2170616392443971,,0.0
barrier,116.55733170682363,0.4762739123173785,149.48737601876556,0.03995592034020809,0.03989942032088032,0.01672596466024627,0.514000335014432,2.202467679977417,1.688467344962985,,0.0
barrier,86.21941464048767,1.2367093388863344,133.9132295851412,0.04014428635918544,0.039775249860844415,0.01820622956644942,12.460019492458182,11.819676399230957,0.6403430932272247,,0.0
barrier,94.22175486704538,1.3080846313948464,120.11263901278897,0.039950955634468266,0.03910058911513195,0.018169984540121968,3.3056429639323928,3.9742038249969482,0.6685608610645555,,0.0
barrier,103.82734823241063,1.0442460442854902,110.61585914351198,0.039799343074457996,0.0393589887960261,0.018225489379226925,0.09311721823990236,-0.22711950540542603,0.3202367236453284,⚠️ NEGATIVE!,0.0
asian,83.3817171951531,1.4997112886373678,0.0,0.03983691520111905,0.03963471671701577,0.017602563424176803,17.574889144819203,17.623502731323242,0.048613586504039574,,0.0
lookback,82.52513700932718,0.36324224367017754,0.0,0.039984045576070625,0.039814088445137355,0.01629803326889947,9.425759233848908,14.561893463134766,5.136134229285858,,0.0
lookback,82.36105858154282,1.4906124622684496,0.0,0.039868914925149705,0.040213577147855145,0.017984072289589707,18.12639473377131,16.769615173339844,1.356779560431466,,0.0
lookback,86.4039956015865,0.8485055703906146,0.0,0.03961247583000451,0.04010518854200531,0.018407294810574862,13.950731197944075,17.03601837158203,3.0852871736379566,,0.0019626617431640625
asian,118.57094842961158,0.46427386219252303,0.0,0.03991128166783091,0.039880439303837785,0.017011933384887178,0.058028991770875,1.3546111583709717,1.2965821666000967,,0.0
asian,118.2930948551546,0.7237031956264032,0.0,0.039898390747163684,0.039909002331233435,0.018347819385000217,0.10858006072172903,1.0744984149932861,0.9659183542715571,,0.0
asian,104.24007912402814,0.9710582260733146,0.0,0.04049993124235867,0.040503086750386136,0.018860130702517845,2.7094215915693516,3.7498106956481934,1.0403891040788418,,0.0
lookback,110.14802049283361,1.2113458043909464,0.0,0.039939548471564924,0.04069316490696158,0.018323048704211198,16.36265981461291,16.91700553894043,0.5543457243275185,,0.0
lookback,103.22352239779433,1.217481092811174,0.0,0.040139481569471704,0.0403364786523283,0.018504774347794274,16.539709271657333,17.030452728271484,0.4907434566141511,,0.0009989738464355469
barrier,84.48459465025039,0.26142397584640603,124.95674864731015,0.03990264191325666,0.03993388533438288,0.014992627119192553,15.551842302731954,14.454059600830078,1.0977827019018758,,0.0009975433349609375
barrier,106.75574955589713,0.6101907304682106,126.06078151535301,0.03962188832836739,0.04001410644758372,0.01762964848930841,2.1165673443724153,3.0950546264648438,0.9784872820924284,,0.0
lookback,96.74207923111734,0.9920755793301443,0.0,0.039820312885096305,0.03997150755528011,0.018790811060807593,14.928518034136571,16.921972274780273,1.9934542406437021,,0.0
barrier,87.88851001317074,1.3455785365893562,119.4292729801156,0.04000995146246871,0.03955500947234842,0.018233104817903543,4.948999130653546,5.682579517364502,0.7335803867109556,,0.0
asian,85.57843382031987,0.33384954224800706,0.0,0.04008257136411505,0.040249267553357296,0.016238515143050913,14.473701038052779,15.05170726776123,0.5780062297084516,,0.0009980201721191406
asian,108.2521628176922,1.1536312410891618,0.0,0.03991147064334294,0.040134768263807935,0.018612191716777735,1.8883404374713089,2.3359978199005127,0.44765738242920383,,0.0
barrier,108.86836259658267,0.7393915150614626,110.73866376789208,0.03968626438694876,0.039930969896183235,0.017885866571482983,0.0019866151509284266,0.48908206820487976,0.48709545305395135,,0.0
lookback,84.72986431478057,1.2345507902520516,0.0,0.0400884758744996,0.04001108550776908,0.018214786287155758,16.737505329629766,16.73526954650879,0.00223578312097672,,0.0
barrier,85.85490930122089,0.5855591402226697,148.87484490759303,0.040186320371589396,0.04023554590768018,0.018153731013184942,15.398632512778057,16.549070358276367,1.1504378454983097,,0.0
lookback,88.43524326335144,1.308538494840322,0.0,0.04014074409186914,0.04002694535128419,0.01853914930382359,17.020280036839953,17.299692153930664,0.2794121170907111,,0.0
barrier,111.84458853560918,0.9983953520892406,141.34302160876356,0.040060283766102316,0.04010302616480071,0.0187285710632024,2.279769675456426,3.1007416248321533,0.8209719493757275,,0.0
lookback,106.69787153156658,0.7635015249777557,0.0,0.0400675022947634,0.03998682484285219,0.018473296518965825,13.41205310434001,15.800721168518066,2.3886680641780558,,0.0
lookback,107.09880737396453,0.8783080979105125,0.0,0.04004120062069182,0.03988183965241023,0.018408242105685056,14.140835684938747,16.183042526245117,2.0422068413063705,,0.0
asian,96.0275487754638,0.3306126948350244,0.0,0.040234785218616266,0.040244929099712126,0.015823936343591256,5.102417894838117,7.289971828460693,2.187553933622576,,0.0059850215911865234
barrier,86.5565982171745,0.96489670004535,138.9314559381183,0.03987675977297388,0.03938954572568099,0.01839178034098493,14.695165313648232,13.071107864379883,1.6240574492683493,,0.0
barrier,93.55181297641337,0.7955475134149158,133.72489803051502,0.039702959207106314,0.039446500321679734,0.018061455197430736,9.18759171642837,8.436651229858398,0.7509404865699718,,0.0010063648223876953
barrier,103.42265655246885,1.1425604931376419,138.3759973259777,0.039930252903138286,0.04030655657650289,0.01824159392422579,4.857465674059025,4.886698246002197,0.029232571943172303,,0.0
barrier,118.72471653636323,1.0019749314680282,120.875836682352,0.04054033791498765,0.040457123432468,0.01911810561619594,0.005017523816565387,0.8981702327728271,0.8931527089562618,,0.0
barrier,84.29866011643908,0.7444276025667372,126.87451151417326,0.04041300724294082,0.04041355239358749,0.018521897115157573,13.665087717976071,10.740681648254395,2.9244060697216767,,0.0009620189666748047
lookback,88.99570623262605,0.7225509261180951,0.0,0.03996733643812622,0.03999640322890815,0.018146354472475423,13.070825000939376,16.080472946166992,3.0096479452276164,,0.0
barrier,107.8195726399262,0.6750294055951389,117.96121061903958,0.040265665081625705,0.03999288041875122,0.01832944663351506,0.5428960837858505,1.6220961809158325,1.079200097129982,,0.0
barrier,97.16359295432775,0.9584727120104218,121.99076182181135,0.04050940179203144,0.04043905774252618,0.018872316773536808,3.7329564697106297,4.1883673667907715,0.4554108970801418,,0.0
lookback,109.2903900156978,1.0416278943691861,0.0,0.03978921966335092,0.03979232793703906,0.018280303940632295,15.344796932498328,16.583940505981445,1.2391435734831173,,0.0
lookback,107.52926019263278,0.9247908658515013,0.0,0.03984868573026967,0.04014705333617659,0.018315722689921193,14.167704578947173,16.258657455444336,2.0909528764971625,,0.0
lookback,81.037953362264,0.9545295899523152,0.0,0.04009952301760045,0.04020181766454989,0.01841630340621633,14.531870761751652,17.01764488220215,2.485774120450497,,0.0
barrier,81.39909836034978,0.5072518107794901,145.77260885371334,0.039916257373517915,0.03975218517425416,0.017069314872853483,19.376674279068208,19.104049682617188,0.27262459645102055,,0.0
asian,113.13128865587709,0.7738317443331318,0.0,0.0402534913133872,0.04094901971510935,0.018839456731933855,0.3658415022750799,1.8616904020309448,1.495848899755865,,0.000997304916381836
lookback,81.4705790995638,0.5857524717528625,0.0,0.03997883034072735,0.04026962156236945,0.017926307955298787,11.414012874542607,16.64566993713379,5.231657062591182,,0.0
lookback,99.30481309911353,0.9879181082270035,0.0,0.04004533125459772,0.04009008166168209,0.0186352106104893,15.005277313586644,16.69053077697754,1.6852534633908949,,0.0
asian,90.44714140813649,0.3151152750586226,0.0,0.040176284290823684,0.04030574060297609,0.015648897591220255,9.79273569936908,10.844745635986328,1.0520099366172477,,0.0
barrier,112.49859325465883,0.3961917044473775,126.965771185802,0.04004021714610609,0.0401817792886851,0.016595320505339815,0.6259457714139198,1.8941359519958496,1.2681901805819298,,0.0
lookback,119.42681098550278,0.8696598165288508,0.0,0.03954585911498096,0.03966592466509643,0.018235359781025393,14.091493100912828,16.209264755249023,2.1177716543361953,,0.0
lookback,100.61767976405912,0.9033756902849306,0.0,0.039958207821865516,0.04029501565226359,0.018683522589718414,14.578984557517112,16.377431869506836,1.7984473119897242,,0.0
barrier,111.93182883561843,0.7766424224651521,125.91991400925951,0.04033870186005871,0.040949515444757875,0.01853045027076874,0.8135965843661829,1.6354111433029175,0.8218145589367346,,0.0
barrier,108.58567182417475,1.2751085366360893,126.84101904707516,0.039981348823641016,0.039956810290001525,0.017912361286447413,1.2376356409893643,1.300014615058899,0.06237897406953463,,0.0
lookback,111.63510465351021,0.6812984957021788,0.0,0.03967208360280747,0.03915482887562215,0.017862930017609323,12.792279842890462,15.177801132202148,2.3855212893116864,,0.0
barrier,84.29534351012146,0.9112579639512632,124.90106066207775,0.039955593487265656,0.04019188656305611,0.018379223193231223,11.770653476389231,9.66772174835205,2.1029317280371806,,0.0
barrier,101.4695788252992,0.34050276567919335,138.98827664915865,0.040247075335762536,0.04025879238597505,0.015916554249762637,3.944450144098488,5.508842945098877,1.564392801000389,,0.0
barrier,80.7606683436575,1.4224808194454652,124.84815354812045,0.03982493824423089,0.040102298621661196,0.017802348916447813,10.693503684424766,11.71013069152832,1.0166270071035548,,0.0
lookback,117.99724843638393,0.6395420962247388,0.0,0.03994879383487272,0.04012307491744611,0.017856486715474976,12.01592182720415,14.783769607543945,2.767847780339796,,0.0
barrier,119.1888850055136,0.6518592902452236,130.99874034905247,0.040139861337155414,0.04052163287703794,0.01793391365271015,0.2987165741689707,1.5304542779922485,1.2317377038232777,,0.0
asian,115.12243702424922,1.0830214259786903,0.0,0.03968979549674192,0.04014091082013588,0.01820405397212604,0.5451597076875527,0.8257554769515991,0.2805957692640464,,0.0010192394256591797
asian,80.85059117529785,1.3873986802794698,0.0,0.040299142078365886,0.039903136837584424,0.01870635907095854,19.6175648203263,19.33145523071289,0.28610958961341026,,0.0
lookback,90.69502042202863,0.7699362525290663,0.0,0.039681933289430406,0.039657999081488746,0.01859989923588024,13.537347592575948,16.817514419555664,3.280166826979716,,0.0
asian,107.6514898064804,1.2720631343593352,0.0,0.039548537817459664,0.03970166074055754,0.01740455860314291,2.1341738881405043,1.5462790727615356,0.5878948153789687,,0.0
asian,81.42457027491314,1.0527679773762821,0.0,0.040039910340503665,0.0402737095859232,0.018306558171886256,18.75725733863139,18.714719772338867,0.042537566292523366,,0.0
asian,102.5280414687716,0.493567856761899,0.0,0.03968198622822848,0.03965676435861867,0.01698699817352343,2.058098326352558,4.175195217132568,2.1170968907800103,,0.0
lookback,88.99267802449731,0.38390579225980026,0.0,0.04014335710167294,0.040102266031569786,0.016581316715371545,9.663701344701694,13.94239616394043,4.278694819238735,,0.0010290145874023438
barrier,119.47616553198608,1.118132422382887,141.50617872498663,0.03989843667668422,0.03988288821654458,0.018509585633117588,1.0462971400023933,1.831510305404663,0.7852131654022698,,0.0
lookback,88.403487235945,1.4199933678237686,0.0,0.04000299212530008,0.03967120919987355,0.01791376085361954,17.802788389985828,16.98785972595215,0.8149286640336797,,0.0
barrier,97.95756182133833,1.332383683030623,125.73585464172133,0.04017937178388074,0.039863068334731876,0.01825964839006308,3.590221971189954,4.1783857345581055,0.5881637633681516,,0.0009922981262207031
barrier,102.33840686283816,0.599659651585065,142.47711015951452,0.04013158049939471,0.0402362128178993,0.017967018621769977,4.61914727403082,6.598537445068359,1.9793901710375392,,0.0
barrier,92.94806986041141,0.9519442613779834,130.17785539559,0.040089064422044525,0.039934468017993115,0.018602456756227966,8.410783823346227,7.332456111907959,1.078327711438268,,0.0
lookback,89.48789663294735,0.9850578612768242,0.0,0.04025056167463148,0.03987991785316518,0.018437626077607214,14.772316376232054,16.65662384033203,1.8843074640999777,,0.0
asian,93.43721303876667,0.26236751470810105,0.0,0.03982082168004125,0.04030606668092455,0.014572437945866133,7.025394247607186,8.426820755004883,1.401426507397697,,0.0
barrier,90.4343322897514,1.2175079662921005,129.58500939311693,0.040242387550238914,0.03955335251157232,0.018800094941455875,8.840904598210429,7.9116315841674805,0.9292730140429484,,0.0
lookback,87.61872879585687,0.5728892498242018,0.0,0.0400323437105927,0.03981041101147808,0.01783580920945346,11.651680158003506,15.95090389251709,4.299223734513584,,0.0
barrier,107.46839133532691,0.4098567635284558,127.63498268653733,0.04048248580256488,0.04033760680601574,0.01692728321421255,1.7325348381573105,2.721531629562378,0.9889967914050675,,0.0
barrier,112.71388395701904,1.0617104840581724,119.76176794531152,0.04029213687352118,0.040688759086702136,0.019122558632683143,0.140283575262359,0.9347668886184692,0.7944833133561102,,0.0019979476928710938
asian,106.04950538212321,0.9322546670219198,0.0,0.039808054969436193,0.04030953366345595,0.018438462752450497,2.0029242691672686,3.118950128555298,1.1160258593880292,,0.0
barrier,114.27276517313183,1.3976762008554178,110.94550397631784,0.039797760888007835,0.03946838894402782,0.01784550006519897,0.0,-1.2937754392623901,1.2937754392623901,⚠️ NEGATIVE!,0.0
asian,101.85910991554408,0.7765228748978003,0.0,0.040185081917269556,0.04010618733561085,0.018671676918456073,3.067062910366292,5.087164402008057,2.0201014916417646,,0.0009968280792236328
lookback,103.39958367682087,1.2288301357165579,0.0,0.039445666595892846,0.039769733872403824,0.017958461259334643,16.563906320883582,16.843046188354492,0.27913986747091,,0.0
asian,107.18725723321728,1.0392774341519564,0.0,0.039867087607135636,0.03994604833622425,0.018310109782118666,1.8008303548313604,2.599794864654541,0.7989645098231806,,0.0
lookback,119.549903789875,1.1727514828799723,0.0,0.039657606714098154,0.039658453810651875,0.01809416830696859,16.46634290123015,16.971174240112305,0.5048313388821555,,0.0
lookback,96.53024268505752,1.0496449932963052,0.0,0.03998331431859478,0.039985321333654206,0.0185296082563914,15.334090214501066,16.85322380065918,1.5191335861581141,,0.0
lookback,90.23807022084739,0.6562780216069237,0.0,0.03989627084922936,0.03961493290757062,0.01832831145263502,12.369616034481068,16.32657241821289,3.956956383731823,,0.0
asian,102.60234564812784,1.1898227408540103,0.0,0.0402772781238856,0.0402847647132053,0.01850515417281169,3.757401625676146,3.7938573360443115,0.036455710368165306,,0.0009942054748535156
barrier,97.9542892113918,0.7118290837271664,115.42118613548297,0.040216095622401596,0.040035373548078394,0.01835386507614141,2.031525747918766,2.311908006668091,0.280382258749325,,0.0
asian,119.99666564518822,1.184847264794797,0.0,0.039863487240267934,0.04021485740880136,0.017931197963202767,0.2318315599355793,0.26923808455467224,0.03740652461909294,,0.0
lookback,114.11947516371572,0.4624240621678476,0.0,0.03998636031939247,0.039947420580713114,0.01704040049117076,10.571142168370462,13.426326751708984,2.855184583338522,,0.0
lookback,86.12948647141579,0.7660055110054345,0.0,0.04005226963261476,0.03983717516704264,0.018401291866562884,13.335624580444,16.73426055908203,3.3986359786380316,,0.0009999275207519531
barrier,88.64958337803037,1.0258924514288923,121.41640743746893,0.0396686771603301,0.04033890453741879,0.018545643230777443,6.8225344255229805,6.104435443878174,0.7180989816448067,,0.0
barrier,95.45462488411756,0.9374205356793792,123.28403174203635,0.04009775044817199,0.04017171774632701,0.018491757523211215,4.9001018033333485,4.688780307769775,0.21132149556357316,,0.0
barrier,106.63243660338881,0.9856521649404388,140.77463645391217,0.04016433958160807,0.04001204711088292,0.018438293957149285,3.899817441035489,4.456508636474609,0.5566911954391203,,0.0
lookback,98.55258531104273,0.32814519826841226,0.0,0.0400893789020516,0.0399913112809493,0.01561455544032504,8.952635408630325,12.202869415283203,3.250234006652878,,0.0
lookback,81.36205228669711,0.7941563539078103,0.0,0.04004185490576689,0.04009223057636221,0.018191354524232494,13.396478630670428,16.897859573364258,3.50138094269383,,0.000997304916381836
asian,88.41545241402866,1.3386511989505314,0.0,0.03995819866139792,0.0401820294226044,0.018525587702320996,13.161643047592696,13.212251663208008,0.05060861561531205,,0.0
lookback,113.35509921784328,0.43702764064260347,0.0,0.04011834362796026,0.040496309299161946,0.016858667852926577,10.07627551281788,13.019529342651367,2.9432538298334876,,0.0
asian,108.35003118438647,0.4167544478480462,0.0,0.03967181527532461,0.039516398511702924,0.01639336239013585,0.4760380763033063,2.1368651390075684,1.660827062704262,,0.0
asian,86.97443586019818,0.7013784821111811,0.0,0.04004804733532171,0.04054601963794216,0.018071642125570157,13.26021082089544,14.119163513183594,0.8589526922881543,,0.0
barrier,87.3427337706544,1.132644301781962,146.83413501396615,0.040677808088234214,0.04059483836842627,0.01901433384548817,14.828604834108962,14.730627059936523,0.09797777417243836,,0.0
lookback,90.18197465695941,0.6098177736738094,0.0,0.039737703376695827,0.039701621055542646,0.017911731849763628,11.749897717851837,15.858309745788574,4.108412027936737,,0.0
barrier,96.5964507889614,1.237013349193868,137.13855011975144,0.03964343644618563,0.040005357488587294,0.017858542969763604,7.721394234320443,7.524386405944824,0.19700782837561892,,0.0
barrier,119.91357707625667,0.8633914339253748,114.08444484401495,0.04012466764050124,0.04045111814314461,0.018771867260337912,0.0,1.0267385244369507,1.0267385244369507,,0.0
barrier,108.67712536523184,1.3178475465243564,135.84230190216905,0.03997634424022425,0.03994773494477156,0.018117128902484562,2.7532456842459587,2.566282272338867,0.18696341190709154,,0.0
barrier,93.64887443041822,0.4491848368802837,133.68453469414652,0.0400154491233962,0.03994696136091402,0.017104044548655058,9.118218676056163,9.421197891235352,0.3029792151791888,,0.0009672641754150391
asian,85.17456917716765,0.2788272345581463,0.0,0.03999711441481276,0.040660083713168066,0.014956676540521432,14.890907770959958,15.188974380493164,0.2980666095332065,,0.0
asian,113.20512102480697,0.7689849182676581,0.0,0.04018169432911718,0.03972893428799572,0.01831833889983987,0.4213801649425076,1.3265711069107056,0.905190941968198,,0.002021312713623047
asian,88.90464899315731,1.4564235229940319,0.0,0.040208558358110165,0.04045703127292369,0.018139457511317892,12.842026913455683,12.689021110534668,0.1530058029210153,,0.000997304916381836
asian,84.76280189249803,1.0424367349721355,0.0,0.0403044530920801,0.04069368886065366,0.018691621412135567,16.065792750840682,15.835579872131348,0.2302128787093345,,0.0
barrier,94.62577664487041,0.9798623364776093,138.0489274281837,0.03973260952599811,0.040445481951869235,0.018257324226822986,9.064964027456654,9.075210571289062,0.010246543832408861,,0.0
asian,93.07883676247107,0.7393841003421052,0.0,0.039958101518233424,0.03994280117746243,0.01833284908177706,8.411997414922588,9.42530632019043,1.0133089052678415,,0.0009970664978027344
asian,100.3833276346084,0.5727472508308984,0.0,0.04030630434184888,0.04055640844474511,0.017368491578163288,3.253933337781993,5.021631717681885,1.7676983798998918,,0.0
barrier,103.09075951043647,1.4607344768501522,139.9652612707472,0.04044783871163612,0.04064416645630447,0.018030125416177767,5.035855583522428,4.516394138336182,0.5194614451862467,,0.0
lookback,111.03628996375583,1.3909296009571461,0.0,0.03985388359127693,0.039347048734255076,0.017781707422359464,17.690335951301847,17.153474807739258,0.5368611435625894,,0.0
barrier,81.10078283316433,0.6688194443049784,134.95313035380101,0.04014393897100135,0.04024258772138831,0.0181763784498796,18.652895544127738,15.648542404174805,3.004353139952933,,0.0009980201721191406
lookback,98.74033400746619,0.5144228700483373,0.0,0.04017362563916633,0.04026137048878951,0.01729907400417351,11.01237801025971,14.213838577270508,3.2014605670107983,,0.0
lookback,88.53821835065483,1.2790950697732635,0.0,0.0392974399814634,0.038931541804644774,0.01783592390444297,17.195510703901917,17.130006790161133,0.06550391374078401,,0.0
asian,101.84997507110893,0.44278347398902507,0.0,0.04006497711861863,0.03978204929243096,0.016711993552068437,2.1065949799316908,4.33673095703125,2.2301359770995592,,0.0
barrier,105.19292566647206,1.3918220460939903,118.4088900944571,0.04026138034384011,0.03997190964579267,0.018449977055932966,0.5015232486064344,0.6668012142181396,0.16527796561170527,,0.0
lookback,90.8979368180853,1.4162594436798175,0.0,0.04009653078969246,0.04010165200228987,0.018396920688214552,17.38976559882997,17.407060623168945,0.01729502433897423,,0.0
barrier,93.45729855800775,0.542326091608637,118.3303182773043,0.04036939287891784,0.04079948173888882,0.017819405342706027,5.53635158065391,5.167331218719482,0.3690203619344272,,0.0
lookback,103.33476081335635,1.4578271559652036,0.0,0.04006193077016603,0.04003655286845948,0.018008501949305207,17.802895487964086,17.347332000732422,0.4555634872316645,,0.0
asian,107.1957479942733,1.2097685352147436,0.0,0.0403572146338753,0.04026252761872614,0.019107217442101018,2.1977204909509083,2.774916410446167,0.5771959194952587,,0.0
asian,93.11387306834172,1.289648294776426,0.0,0.03986504512089045,0.039766538972297275,0.018019617665803393,9.374564475603254,9.39566421508789,0.021099739484636615,,0.0009951591491699219
lookback,119.26970394593974,0.3894420790288442,0.0,0.03967667682163939,0.03966715462727735,0.016137103373976034,9.662539122814945,12.87252426147461,3.2099851386596647,,0.0
lookback,88.57836011182381,0.8378814516268073,0.0,0.039575869258632906,0.0395258543460501,0.01818810260725938,13.764599950551434,16.675819396972656,2.9112194464212227,,0.0
lookback,112.79087327794146,1.2554700349814107,0.0,0.03990742863977287,0.03959694591012986,0.01851715110023715,16.809811526584756,17.34650230407715,0.5366907774923924,,0.0
lookback,93.51896444795828,0.8802721040324049,0.0,0.040067522759855936,0.04049720954753375,0.01825653816164233,13.96822740649236,16.117992401123047,2.1497649946306865,,0.0
barrier,118.27690189750987,0.5296673995938619,125.65150406655881,0.03989607079144043,0.039820965920514796,0.017280835479599327,0.13026145596944844,1.3775397539138794,1.247278297944431,,0.0
lookback,113.7550163481095,1.4834468497386097,0.0,0.03957094405224809,0.03983375588780897,0.017808035128763687,18.19632375634106,17.461793899536133,0.7345298568049259,,0.0
lookback,107.3978731004792,0.5858143488772324,0.0,0.039744218507937794,0.03979145874939238,0.017618104749454345,11.753671083326928,14.605868339538574,2.852197256211646,,0.0
barrier,82.28125979612781,1.1721548962805703,145.65078827381706,0.03975657628672326,0.03988345463821621,0.01791408471921288,18.506331141531746,17.458688735961914,1.0476424055698317,,0.0
barrier,94.834036780529,0.6525416224974383,121.77337246605862,0.04008734879979355,0.039811785119548755,0.018256281544094366,5.7883822255705235,5.1302008628845215,0.658181362686002,,0.0
lookback,98.44793203384899,0.5961115774426232,0.0,0.040080848251309774,0.04025032199989105,0.017836353140116997,11.710642940453853,14.89726448059082,3.186621540136967,,0.0
barrier,116.70126689853777,1.1671799990319438,137.63856724299768,0.040297034271575514,0.04091965168319391,0.01862675142521487,1.1640583928022425,1.478972315788269,0.3149139229860265,,0.000997781753540039
lookback,101.30058194478073,1.1244721086208007,0.0,0.040212494968327336,0.040483042189058016,0.018658509061239472,15.899457758554258,16.859073638916016,0.959615880361758,,0.0
barrier,103.26169332918121,1.3532206743044015,142.2988730087224,0.040030334437686256,0.04023131232870716,0.018241618384035683,5.381315663565111,5.198061466217041,0.18325419734807014,,0.0
asian,106.3908659866441,0.7412161804723703,0.0,0.039820355762149394,0.03925014111180368,0.017988841699967874,1.4069710974074368,2.9851229190826416,1.5781518216752048,,0.0
asian,114.80352543948769,1.2600003782135492,0.0,0.040077553768893166,0.03954532195843751,0.017950545717508412,0.714236438926038,0.47812822461128235,0.2361082143147557,,0.0
lookback,105.58718249063708,0.8293442078708732,0.0,0.03977775186351433,0.04030433287316791,0.018349642963468422,13.734397150229514,15.974260330200195,2.2398631799706816,,0.0
asian,115.73856737032176,1.2574396720875887,0.0,0.04022195650850173,0.04027739970972873,0.018765516338577495,0.5918149204713192,0.5572300553321838,0.03458486513913539,,0.000997304916381836
asian,87.43430363124332,0.43947383608349355,0.0,0.040163637967523265,0.0400584891532363,0.017357135090376407,12.668963258883732,13.481449127197266,0.8124858683135336,,0.0
asian,92.25303906205659,0.3418630261257618,0.0,0.04000456207952612,0.040074105109094114,0.015832873610568062,8.11005335860176,9.561416625976562,1.451363267374802,,0.0
barrier,89.96502769113184,1.3501191647998472,149.1896686113435,0.04000762469682556,0.03989787977886715,0.018405078405398692,13.511673620701986,13.646939277648926,0.13526565694693993,,0.0010437965393066406
asian,116.47414073678927,0.9844537993371572,0.0,0.040219504980374736,0.04027309528861295,0.018494140318359654,0.29507867300868035,0.8952798843383789,0.6002012113296986,,0.0
asian,95.04711494579902,0.9296380306722671,0.0,0.03998010443981915,0.03998854309545114,0.018718821711047447,7.606637572536355,8.230295181274414,0.6236576087380588,,0.000990152359008789
asian,114.0423724015915,0.48629977692041726,0.0,0.039951607567301574,0.04003480609013421,0.017026871749164937,0.12238726575431047,1.6755021810531616,1.5531149152988513,,0.0010044574737548828
asian,90.46437407529541,0.48778391874356497,0.0,0.039532853653321404,0.039215004228236996,0.01713646174499761,10.22999895243225,10.834230422973633,0.6042314705413823,,0.0
lookback,110.04751388978269,0.5762389423266998,0.0,0.039738104887266375,0.03945107162702612,0.017722616451074303,11.79958808218185,14.604854583740234,2.8052665015583838,,0.0
barrier,96.53023016440366,0.648665710210563,121.96782309068972,0.039829952689259415,0.04025086708326803,0.01788715665475411,5.037702456119012,4.693244457244873,0.3444579988741392,,0.0009930133819580078
lookback,103.30275311269003,1.3700549849762833,0.0,0.040004084170996455,0.04023494458383925,0.018021894424332677,17.1598170723828,17.081682205200195,0.0781348671826052,,0.0
barrier,99.95093704603,1.4086985144729833,128.3552554131659,0.039956196670593545,0.03969587435130064,0.018134471668858208,3.4405792126844643,3.8451621532440186,0.40458294055955424,,0.0
asian,83.98701072068303,1.4185526899826324,0.0,0.03998388787477196,0.0397480203151915,0.017743525697224052,16.73360637170463,16.986024856567383,0.2524184848627513,,0.0
lookback,82.27900930368666,0.7663189239204276,0.0,0.03997952276264458,0.04081918571810832,0.018174543938016652,13.200864604300278,16.704425811767578,3.5035612074672997,,0.001031637191772461
lookback,107.65506273375108,0.46757932502775623,0.0,0.03995047439823165,0.04009962797070268,0.017392911818412737,10.639328645328252,13.636754035949707,2.997425390621455,,0.0
lookback,88.10830602057382,0.26564819684004015,0.0,0.04016035011113705,0.04008078598876855,0.014580411120277328,8.070166623494634,12.22358512878418,4.153418505289546,,0.0
asian,119.75461352299243,0.43986943243648347,0.0,0.03975986317065054,0.03948652928097816,0.016622223448526565,0.024717764059632337,1.3392575979232788,1.3145398338636465,,0.0
asian,83.84527652053913,0.6270257331122813,0.0,0.03999150699486933,0.039834016306352193,0.017998731831051322,16.42472662938638,16.057342529296875,0.36738410008950595,,0.0010013580322265625
barrier,80.34623211858062,0.8263508403564864,131.68844392535095,0.03987100515871212,0.040307734550238034,0.018143600500293733,18.195005328663726,14.728170394897461,3.4668349337662647,,0.0
barrier,98.47322125684846,0.25740731035351927,113.50434689097226,0.04037031031082412,0.04038631536383268,0.014328909643675199,2.7167402481882235,3.098046064376831,0.3813058161886076,,0.0
lookback,113.2140379053051,0.6897606647988371,0.0,0.04032755807164116,0.03996516843056377,0.018403662275039655,12.680581727580316,15.334936141967773,2.6543544143874573,,0.0
lookback,91.66518689755657,0.5569372419145343,0.0,0.0398626759039784,0.04009790641570108,0.017403475573165413,11.354593327121334,14.833086013793945,3.4784926866726114,,0.0
asian,106.17581032109575,0.3816494236258997,0.0,0.039816275814223756,0.03958965990846488,0.01654062179108919,0.7312145335953321,2.761185884475708,2.029971350880376,,0.0
barrier,81.83728480487062,1.3728470650037299,129.4111975165277,0.03968823716718609,0.03944969443403001,0.01795927958171362,12.848679963292149,12.251213073730469,0.5974668895616801,,0.0009975433349609375
lookback,111.91864305766175,0.9796659727276849,0.0,0.04001007961186111,0.039299735727158204,0.01865905354803335,15.194823329405434,16.864337921142578,1.6695145917371441,,0.0
barrier,85.17906103035338,1.3518967515566402,149.54717932395468,0.040285014531521474,0.04022535086846326,0.018478500331416417,16.205021220523516,16.320650100708008,0.11562888018449158,,0.0
lookback,89.5948940821431,0.5903763092931688,0.0,0.040580788113042776,0.04070268300776848,0.018208069558223017,11.765275208944086,15.64062786102295,3.8753526520788633,,0.0
barrier,83.69458386098084,0.7626063561520606,139.61136388754576,0.039950883887747424,0.04006534422999068,0.018264782264299968,16.792064387040433,15.558321952819824,1.2337424342206091,,0.0
lookback,80.05093563420589,0.7139847492172445,0.0,0.0401723731336865,0.03959513348582941,0.01838947578885863,13.127544497425173,17.521066665649414,4.393522168224241,,0.0
asian,115.74794074031985,0.5452004869324718,0.0,0.03983754242585837,0.04008437299615106,0.018063433898852007,0.12443095388451728,1.9115647077560425,1.7871337538715253,,0.0
barrier,93.15676568433283,0.9268189996655016,138.87404100301418,0.04002346572880225,0.039848373661931134,0.018495388450993855,9.897967535030292,9.795927047729492,0.1020404873007994,,0.0
asian,97.2086181716034,0.7091236641673584,0.0,0.04006185170619247,0.040302987228595155,0.0183516692516313,5.37867994894664,7.149964332580566,1.771284383633926,,0.0
barrier,85.10309566023349,0.5932633570052792,127.26491413871673,0.03957293460235722,0.03945709206309913,0.017473982989289465,14.498757877528828,11.033226013183594,3.465531864345234,,0.0
barrier,80.59739234242807,0.45704880592897545,148.73512863561575,0.03990052426198856,0.040014798508413704,0.01701685266787103,19.97952385439984,20.263416290283203,0.283892435883363,,0.0
asian,111.1206762206475,1.0963325100087449,0.0,0.039886015799832045,0.03941618452558871,0.0183452955395524,1.0390403811613111,1.4207977056503296,0.38175732448901845,,0.0
asian,84.45339712496293,0.6240033347763595,0.0,0.040194364131857854,0.04028289763416702,0.018059646953891208,15.684239445327583,15.79941177368164,0.115172328354058,,0.0
asian,95.5898403817068,0.47396120655318597,0.0,0.0401766057732752,0.03980010932706507,0.017319581728268883,5.821540660164853,7.892557144165039,2.071016484000186,,0.0
asian,82.61917132726518,0.26695528561111215,0.0,0.039960202645015624,0.039736891832999395,0.01448081500619923,17.373203985076245,17.551027297973633,0.17782331289738806,,0.0
lookback,96.61932571312315,0.3344139769750371,0.0,0.039902399512691096,0.03968485838429716,0.015551789252531123,8.87531571382977,12.544301986694336,3.668986272864567,,0.0
lookback,111.20050041899056,0.8563923993331102,0.0,0.04004758279851868,0.04025281806027564,0.018464473655591587,14.029436837349168,15.952447891235352,1.9230110538861833,,0.0
lookback,86.82657628139353,1.4854264531356485,0.0,0.04023485972668234,0.04015019084505466,0.01798836373967811,18.099194724579412,16.910459518432617,1.188735206146795,,0.0
barrier,104.24499792460418,0.648639581393744,140.87222277369008,0.04051078535648322,0.04029098264558275,0.018735060074765403,3.9488193235119606,5.5944108963012695,1.645591572789309,,0.0
barrier,108.1951009265643,1.1699220185726553,132.76898906465527,0.040032095723215144,0.04036291373355106,0.018316047846529966,2.426895252540506,2.6734843254089355,0.24658907286842968,,0.0
lookback,119.58601233736172,0.27085216114508376,0.0,0.039818625580881964,0.03942504168788474,0.014639661912736876,8.04558354780311,11.360208511352539,3.314624963549429,,0.0
lookback,109.83475799746343,0.9359102861191331,0.0,0.03999391246658693,0.039854721247861144,0.018269752563852014,14.909153904058156,16.263402938842773,1.3542490347846172,,0.0
asian,98.91381780324252,0.6918174467476477,0.0,0.040357860836863026,0.03997261243474078,0.018294287570330338,4.435293144508772,6.201234340667725,1.7659411961589528,,0.0
lookback,88.52188385424469,0.7125359420912005,0.0,0.04027089155748407,0.04012205922983148,0.01863089485384664,12.82054221661162,16.392805099487305,3.572262882875684,,0.0
asian,99.49885780255609,0.44206351661790066,0.0,0.0399760225464646,0.039787169880813336,0.017196506889208558,3.2974126084320816,5.63486385345459,2.3374512450225082,,0.0
asian,90.1989565942794,0.8998419684485611,0.0,0.04011178651468562,0.03971108613212886,0.018288698123279667,10.66914980406597,11.214180946350098,0.5450311422841274,,0.0
asian,117.87705306283898,1.0626438197546655,0.0,0.03988863751570257,0.03987791585535393,0.018890414568824985,0.33533592594493067,0.7651478052139282,0.42981187926899755,,0.0
barrier,94.05776131183666,1.3464798704442182,131.30333602000658,0.03999171515918728,0.040050013294087534,0.017827112807054457,7.310219147256925,7.365638732910156,0.05541958565323135,,0.0
barrier,107.78421980280906,0.7081580141024756,146.9275328496466,0.0400791698218439,0.04026893564954569,0.018017365110873023,3.049801756512069,4.6652960777282715,1.6154943212162025,,0.000993967056274414
asian,96.20650385042683,0.8473105667600387,0.0,0.040092293398227195,0.04051948948321148,0.01838712830844063,6.45493021148306,7.536783218383789,1.0818530069007295,,0.0
barrier,98.5561430057262,1.422331052618509,131.06155274661756,0.04034601198503614,0.04021305489649401,0.018500460993698693,4.900812524492627,4.917980670928955,0.017168146436327802,,0.0
lookback,113.18422335507913,0.6736815479815763,0.0,0.039931396948731046,0.039754208955977206,0.01836777909411034,12.607121111382542,15.378239631652832,2.7711185202702904,,0.0009968280792236328
lookback,98.23658197205711,0.7481000301026483,0.0,0.04005547785441769,0.040317786435319754,0.018474327934036718,13.218606532220248,15.790046691894531,2.5714401596742835,,0.0
barrier,104.83584967530048,0.33284589907713624,117.98812692203914,0.03988052196294055,0.039589914303624525,0.016215291546968748,1.362866145442575,2.085752010345459,0.722885864902884,,0.0
asian,110.59366972223594,1.392499775518223,0.0,0.04039079751602343,0.04014201540002772,0.01832650762940058,1.5399554744642043,1.3125375509262085,0.22741792353799584,,0.0
lookback,108.10644006814553,0.7796515201447058,0.0,0.04004230483868832,0.03999084017106734,0.01831042110214428,13.38132003856987,15.741480827331543,2.3601607887616733,,0.0
lookback,94.44820765558046,1.2691798444230546,0.0,0.04025463978088496,0.04038837319749748,0.01815633421054636,16.752748720106243,16.914247512817383,0.16149879271113932,,0.0
asian,87.03792707697592,0.731902374243321,0.0,0.040360082657892045,0.04021308500540252,0.01871846283430087,13.251446540690795,13.596881866455078,0.34543532576428326,,0.0
barrier,84.00639201882338,1.3323948143094615,139.55242357564802,0.03988615165116317,0.039769569336505925,0.017931006474083272,15.801714571295062,14.866657257080078,0.9350573142149834,,0.0009596347808837891
lookback,97.28053034605277,0.9923283986529146,0.0,0.0402675056199974,0.04017342096438915,0.01836788852760892,14.85057271363273,16.477027893066406,1.6264551794336768,,0.0
lookback,110.96084040094775,0.9899412542225621,0.0,0.04013488002124973,0.040186520413894616,0.0188652756283471,14.882623717622927,16.675317764282227,1.7926940466592995,,0.0
barrier,116.23032511167062,1.0605653770970127,145.9470156341976,0.04007986675634139,0.040121569954673995,0.018461108786473807,1.883254149694882,2.219069242477417,0.33581509278253496,,0.0010409355163574219
barrier,90.14679328687971,0.26242429671531486,124.91511214017093,0.040110507699690635,0.04037046285864357,0.01486430060005564,10.546284198018054,9.952651977539062,0.593632220478991,,0.0009975433349609375
asian,84.35402034849429,0.3765346819457762,0.0,0.04034655342849785,0.040357312741891804,0.016715522294697832,15.626464212009497,15.953689575195312,0.32722536318581597,,0.0009620189666748047
asian,117.73897012387505,1.1270720572633643,0.0,0.03980126564791182,0.039425814685513226,0.018194460965991786,0.29836656917351195,0.451850950717926,0.15348438154441407,,0.0009870529174804688
barrier,110.7081302719282,1.4297263486183127,148.67128473225492,0.0400912341963019,0.039256682479609444,0.018332492857537575,3.6934860312630464,3.587131977081299,0.10635405418174759,,0.0
barrier,116.08020912143257,0.5409157902845689,130.86207349009467,0.039821649900062574,0.04013173409689532,0.017458394881885542,0.4751787013517328,1.8272416591644287,1.352062957812696,,0.0
lookback,92.71146087173607,0.760661115539198,0.0,0.03956650093469425,0.03960742183255832,0.018043985096371205,13.049434853878688,16.13023567199707,3.080800818118382,,0.0
barrier,84.72537698638077,0.26722765932303405,137.725236348755,0.04022915577791092,0.040312499832523795,0.014961430130286734,15.482053650741436,16.668256759643555,1.1862031089021183,,0.0
lookback,100.80764560344026,0.47100744749065104,0.0,0.039741105384968535,0.039680619528941315,0.017153795121194675,10.74310677376834,14.163915634155273,3.420808860386934,,0.0
asian,88.1156856232197,1.2816270076157539,0.0,0.03972671535955861,0.03988268354513347,0.018347830682564674,13.330887721149681,13.477375984191895,0.14648826304221352,,0.0
asian,96.18442927613701,1.1043339944784674,0.0,0.04019583698592809,0.04069147387060983,0.018244680397861045,6.867037617108857,7.20996618270874,0.34292856559988305,,0.0
lookback,93.92351717998605,0.7227387715010102,0.0,0.0400787223009986,0.03997220945032068,0.01802846878241194,12.992227696180725,15.735526084899902,2.743298388719177,,0.0
asian,82.93916729688843,1.4655791556935704,0.0,0.040227090260745675,0.04051138002737727,0.017863483347988523,17.651132093021197,17.73370933532715,0.08257724230595187,,0.0
lookback,96.5142147828107,0.5323795076431006,0.0,0.04044994736862131,0.04029827363986515,0.017998810635326174,11.127672607300303,14.793270111083984,3.6655975037836814,,0.0
asian,96.00581798863043,0.6695121356150451,0.0,0.03974225225933789,0.03975141875638116,0.017849329135645613,6.231913929664198,7.660627841949463,1.4287139122852652,,0.0
asian,116.41391315970526,0.7562110612212727,0.0,0.03973575843745522,0.039249505494485484,0.01845819732643738,0.1689051591891413,1.0763968229293823,0.907491663740241,,0.0
asian,94.83070562158298,0.7578503811834814,0.0,0.04008747439400396,0.040337225745764205,0.018755232225306354,7.271036436360234,8.572160720825195,1.3011242844649615,,0.0009953975677490234
barrier,100.66504890448014,0.726338708191161,137.27215814503492,0.03996459605548579,0.04032913960781577,0.018295810699787238,5.720821580956585,6.70556116104126,0.9847395800846748,,0.0
barrier,93.10679432353103,1.4221320777978264,119.50060189493036,0.04024049329954008,0.04002854519090147,0.018176298897695564,3.0198533902583677,3.9439914226531982,0.9241380323948305,,0.0
barrier,98.53640533665498,0.5358205170280269,142.6411823468993,0.040130048881020584,0.04041819823863563,0.017674123637287553,6.344493375029209,8.177289962768555,1.8327965877393453,,0.0
lookback,84.3549440546673,0.33913352288598086,0.0,0.03993729038913581,0.039895795841911344,0.01594532485996251,9.0606315201759,13.939626693725586,4.878995173549686,,0.0
barrier,103.92871412156262,0.3423879679784372,133.9762567998849,0.04014887488292548,0.0402910120032792,0.01577095352093398,2.775145046849976,3.965257406234741,1.1901123593847651,,0.0
lookback,82.19804211872581,0.41213601150854323,0.0,0.039854131739109754,0.03973517933453386,0.01665391324620641,10.053971368124905,14.99990463256836,4.945933264443454,,0.0
lookback,82.78281398988504,1.2773731284876515,0.0,0.03964524509142161,0.03950390977001664,0.01840158956031377,17.053673267219267,17.309812545776367,0.25613927855710017,,0.0
barrier,109.66563916629954,0.9799845966719248,129.86967963326921,0.04020249558336925,0.040494058990827565,0.018721435517964964,1.7028990077249906,2.441725969314575,0.7388269615895846,,0.0
lookback,109.17965079299779,1.3516443594184104,0.0,0.04031125000747996,0.040813990288866085,0.018437014606390602,16.957905495446052,17.356626510620117,0.3987210151740648,,0.0
barrier,105.82215501766612,1.158725349728241,111.80015938363871,0.04012425972151258,0.04028475415859324,0.018862644673153198,0.07374243146944186,-0.28065499663352966,0.35439742810297153,⚠️ NEGATIVE!,0.0
barrier,92.86958823595108,0.5366156423112429,119.69639478957373,0.040070080293404614,0.04009066679903715,0.017663267027171088,6.58866827196034,5.931656360626221,0.6570119113341191,,0.0
barrier,91.77857495137816,0.4510897059674739,139.9473674500269,0.03984161847912507,0.03990962317575422,0.0169245247529094,10.383484387041062,11.62545108795166,1.2419667009105986,,0.0
asian,103.31706495195249,0.422086303059918,0.0,0.03966865500275018,0.039431252945762364,0.01648198390908274,1.6087353567190643,3.59212327003479,1.9833879133157257,,0.0
lookback,110.58911448512198,1.066238258819296,0.0,0.04015154142537754,0.040254470652045383,0.0185231234161612,15.596141477959637,16.682641983032227,1.086500505072589,,0.0
lookback,103.33666376204933,0.4471764696537641,0.0,0.04024902623485628,0.04033192632664644,0.017152969994132027,10.348676068193152,13.435858726501465,3.087182658308313,,0.0
barrier,114.91979528624972,0.44673467730311395,128.29350235103504,0.04013918723267339,0.04035223536609974,0.01727681986902516,0.44171599713179766,1.856420636177063,1.4147046390452653,,0.0
lookback,81.21812055333595,0.8634998791519912,0.0,0.04001610264104013,0.04011525379543482,0.01846543139771996,14.042186880652404,17.18633270263672,3.1441458219843152,,0.0
lookback,116.22153591923518,0.6765482874239626,0.0,0.040206044267407356,0.04024597200933085,0.01825604041545997,12.61309954975187,15.16822624206543,2.555126692313559,,0.0009970664978027344
barrier,87.78084227797027,1.4342497672426537,149.65000704935545,0.0400261724230895,0.039737298611351085,0.01843603425538522,14.911887328468863,14.836912155151367,0.0749751733174957,,0.0
lookback,105.14081634108183,0.5340631042462642,0.0,0.040032488739599324,0.04008313215125778,0.017846713317368437,11.27934361553479,14.401134490966797,3.1217908754320067,,0.0
lookback,90.20158230039765,0.5053766464864065,0.0,0.04000058708388733,0.04016408085494686,0.017631749248980727,11.020294676137631,14.932973861694336,3.912679185556705,,0.0
lookback,92.8137911850877,1.162205690018906,0.0,0.040234233302115584,0.04075207863838207,0.01863125332049683,16.143726052100646,16.915849685668945,0.7721236335682988,,0.0
lookback,81.47830513953465,1.403339317072994,0.0,0.04021722526669529,0.040040703936426475,0.018289561665602017,17.811325829375672,16.957658767700195,0.8536670616754769,,0.0
lookback,118.68377743222159,0.2757080394382586,0.0,0.039908385642120035,0.03935731733959702,0.014705293543435995,8.213490359985085,11.316567420959473,3.103077060974387,,0.0
lookback,80.75137711520648,0.706315544028909,0.0,0.04039842811264262,0.040691639566114164,0.018176806288042916,12.630062299228657,16.784420013427734,4.154357714199078,,0.0
asian,106.54083234798688,0.8981211621240647,0.0,0.0405669939366347,0.04054327403909905,0.018951928567855103,1.696011720119534,3.3026225566864014,1.6066108365668674,,0.0009970664978027344
lookback,88.36805724932486,1.1865696772019816,0.0,0.03972199139028553,0.039428908068276425,0.018465914142169727,16.696111629817285,17.35589027404785,0.6597786442305669,,0.0
barrier,90.94815374407634,0.7869975960885913,133.89700840781603,0.03951295350087795,0.03889817145829827,0.018202386833322006,11.033169899248099,9.093730926513672,1.9394389727344272,,0.0
lookback,99.78415970317197,1.3851514209920772,0.0,0.03999618389095125,0.04000777101320532,0.018116968701293982,17.762380315694415,17.323049545288086,0.43933077040632895,,0.0
barrier,85.017208374773,1.2818109431244933,116.03757167423842,0.040110010390043464,0.04044520656059057,0.017704204140514233,4.577051018293192,6.240980625152588,1.663929606859396,,0.0009937286376953125
barrier,83.97214219153402,1.4886670966784095,130.74871830443013,0.03991719538320667,0.03988127290818611,0.01742052826204347,11.66143987161063,12.511242866516113,0.8498029949054828,,0.000997304916381836
lookback,102.48996228401427,1.198025378007209,0.0,0.03993994945013422,0.039886924935569015,0.018380815140157915,16.51394444136004,17.040884017944336,0.5269395765842972,,0.0
lookback,92.58684867637136,0.9062155529024589,0.0,0.03999432781107005,0.04000554918978991,0.01836687671483607,14.546982849400264,16.4744815826416,1.9274987332413378,,0.0
lookback,84.71108861725187,1.4438405587549807,0.0,0.040182417319972595,0.04080762813307414,0.018378143366587527,17.509096830735526,16.99466323852539,0.5144335922101355,,0.0
lookback,111.65460338875751,1.0878600896785464,0.0,0.040027809403338624,0.03955972509593782,0.01863046730216433,15.467586518917727,17.048357009887695,1.580770490969968,,0.0
barrier,91.7042375341811,0.7523069287614944,110.58690339778852,0.040159996538184875,0.03936839453052396,0.018670227646237488,2.0234687105149094,1.5915963649749756,0.4318723455399338,,0.000993967056274414
barrier,85.35006913717038,0.26586236698759125,139.89290989059893,0.03966345819414869,0.039459577988454175,0.014710508585286896,15.242258923306029,16.32013511657715,1.0778761932711198,,0.0
barrier,98.46306842847511,1.1750604993351301,124.52014485475557,0.03994636397137148,0.039088070749554504,0.018102644719306,3.6182236290081,4.170028209686279,0.5518045806781795,,0.0
barrier,92.8411516609743,0.9644453669336757,134.607835476188,0.039588838244856865,0.03955114319092799,0.01821881916953288,9.915002350998463,9.045513153076172,0.8694891979222916,,0.0
lookback,117.9718276291755,0.4244448405160053,0.0,0.03951516088847991,0.039056520896233335,0.016692564981775126,10.079719067034148,13.551702499389648,3.4719834323555006,,0.0
asian,95.53864939757842,0.6747187680444977,0.0,0.04013095810893967,0.0399216632679353,0.018296526400501997,6.626361705206792,7.976899147033691,1.3505374418268996,,0.0
barrier,108.33095024042137,0.3854039274869544,145.72721724252023,0.03962946996609487,0.039395981641733566,0.016583777967329672,1.694154214063259,4.068980693817139,2.37482647975388,,0.0
barrier,99.6195672381185,0.47264983016165113,148.17833202842235,0.04058460483921005,0.040982908577015864,0.017334039009994657,5.4162647223163995,7.822828769683838,2.4065640473674383,,0.0009968280792236328
asian,116.76740508053098,0.46948028803090813,0.0,0.039916173262518284,0.03962263502611336,0.01694266453790097,0.03925252639891287,1.4624937772750854,1.4232412508761725,,0.0
lookback,111.82911757203978,0.33520962957294126,0.0,0.04016078055158238,0.04065566155663374,0.015902514959099657,8.834267768149125,11.693598747253418,2.8593309791042927,,0.0
lookback,118.6754061844083,1.4398797721354868,0.0,0.04003735383701654,0.040322539114808036,0.01811334870989446,17.63250133430119,17.576570510864258,0.05593082343693112,,0.0
barrier,110.02807399885964,0.7440821360259344,126.23905736201938,0.04009477203496258,0.04012456884475085,0.018635616279713683,1.246131806601469,2.339895009994507,1.0937632033930378,,0.0
lookback,81.04403754575155,0.9260151672506876,0.0,0.04052119171428936,0.0401440913533536,0.019081389688909208,14.458242102082545,17.919078826904297,3.4608367248217515,,0.0
asian,112.99765621417393,1.4452035757466681,0.0,0.040138635058601026,0.040629669199815144,0.017732073034815454,1.1655193301915352,0.4630259573459625,0.7024933728455727,,0.0
lookback,92.11472373203789,0.9614608926379534,0.0,0.03990608680817336,0.03967433745032881,0.018056228826263787,14.864321081394824,16.41724967956543,1.552928598170606,,0.000997304916381836
asian,98.07712951686392,0.8569693295662733,0.0,0.040230540952808314,0.040453813160736735,0.018883014170698556,5.373528917437942,6.6537299156188965,1.2802009981809546,,0.0
asian,106.45457789385368,1.0703909765296362,0.0,0.03979138835113021,0.03952952951720776,0.018595974886993452,2.1238011262640537,2.9197885990142822,0.7959874727502285,,0.0
lookback,117.62117874043281,1.4553265634985013,0.0,0.04022159091891235,0.03969481313038862,0.018242650007290424,17.503229054823365,17.930025100708008,0.42679604588464315,,0.0
lookback,96.6936388291189,1.171405009220434,0.0,0.040152159992987095,0.04020353247081923,0.018306995676177044,16.36990120270261,16.87727928161621,0.5073780789136002,,0.0
asian,109.33179787359249,0.5476200263240963,0.0,0.040102525390121414,0.040117580001636295,0.017477178694354174,0.5228321854450005,1.9637336730957031,1.4409014876507027,,0.0
asian,119.74428047207164,0.34983742158347575,0.0,0.04044972127122567,0.040827834364304906,0.016444821414592095,0.010434179456289633,0.8078889846801758,0.7974548052238861,,0.0
lookback,85.24705925507249,1.2320125813379252,0.0,0.0399144925815998,0.039765040996658306,0.01853857977418424,16.466205082340107,17.336244583129883,0.8700395007897761,,0.0010001659393310547
lookback,87.30384336594818,0.9392102958055017,0.0,0.039822325528658796,0.04025728401320748,0.01892038086510973,14.722696094419453,17.396543502807617,2.6738474083881645,,0.0
asian,98.34169722028633,0.28371213360877034,0.0,0.03948402707613462,0.03950569838888356,0.014781558443149165,3.4869502056068495,4.954627513885498,1.4676773082786485,,0.0
asian,103.20753249597642,1.4107431004345452,0.0,0.03997488660719075,0.03937558453089962,0.01822183912793505,3.9351343786154698,3.158226251602173,0.7769081270132969,,0.0
barrier,103.00558336540028,0.8692155965968849,116.97067030708556,0.03994822423429478,0.040076875814826766,0.01844638532391819,0.9786441334944052,1.579717755317688,0.6010736218232828,,0.0
asian,91.85260079409049,0.6136923930862339,0.0,0.039490194438677954,0.03910272267244752,0.01793074651511226,9.34672698381604,10.018528938293457,0.6718019544774165,,0.0
asian,102.53516576472327,0.7175421921945364,0.0,0.040045923194668966,0.04004399700172919,0.018456828123188204,2.686816630877816,4.8400726318359375,2.1532560009581214,,0.0
barrier,102.0458376162413,0.7619057727679321,111.52488096623834,0.03980307545796795,0.03982783826842385,0.018619802414171032,0.37317365265424834,0.5467914938926697,0.17361784123842133,,0.0019981861114501953
barrier,95.16783828630416,0.3021392267836419,122.74605376955859,0.0400854443250255,0.04027981643337704,0.01552023419584645,6.643227154529515,6.032608509063721,0.6106186454657943,,0.0
lookback,116.53663805423156,1.4134731527466893,0.0,0.039682858801396693,0.04022052265171588,0.01759579662817906,17.63616809318811,17.11531639099121,0.5208517021969001,,0.0
lookback,92.13629635997542,1.2763700095763522,0.0,0.04016544630812086,0.04047265116404016,0.018461307411423253,16.605415538594745,17.039653778076172,0.43423823948142726,,0.0
lookback,88.3888087526665,1.3859131817664787,0.0,0.03994019182112825,0.03997107749311486,0.017884169803293912,17.284797160464823,16.855093002319336,0.429704158145487,,0.0
barrier,108.97674526042759,0.3862177517175439,120.11976904167668,0.04016348914225165,0.039698565109991986,0.016305632239532703,0.6702585867901786,1.8789033889770508,1.208644802186872,,0.0
barrier,117.10074081216683,1.469660140094743,124.80485833497637,0.03995095917433563,0.04030893261674458,0.017901797133819217,0.11979010430094615,0.0588127076625824,0.060977396638363754,,0.0010056495666503906
asian,88.8638431798893,0.7156316383318551,0.0,0.039561272777849446,0.039712913117653445,0.0180744412819891,12.143015696087678,12.541831970214844,0.39881627412716547,,0.0
lookback,105.80067577445112,1.3247257591153332,0.0,0.04050591925569618,0.04010079978050517,0.018669233064225937,17.234662339853507,17.423114776611328,0.18845243675782086,,0.0
barrier,116.95607822721325,0.26094495538892765,118.63137258543688,0.04007161432476319,0.03991159096093378,0.014743979306284984,0.002970289672054696,0.7303742170333862,0.7274039273613315,,0.0
asian,113.13109411565291,0.6083806898576354,0.0,0.04002054312860183,0.039876673018072586,0.018458803229124764,0.24766724278926414,1.738357663154602,1.490690420365338,,0.00099945068359375
barrier,98.93393987966877,0.4976152566368157,149.50314737043735,0.04020164765349649,0.040455117447552445,0.017384736896670083,5.907914626733275,8.543183326721191,2.6352686999879165,,0.0009975433349609375
barrier,82.19306944897241,0.8903906760943652,118.2690625059715,0.04081044794819771,0.04037560769520327,0.019040985185681984,9.228940791449073,8.291149139404297,0.9377916520447762,,0.0
asian,97.33254904676318,1.4104088962285306,0.0,0.03933380181896505,0.039206102160576635,0.017440492503417008,7.195492063021392,6.160857677459717,1.0346343855616755,,0.0
asian,83.70814897615318,1.1562488418461156,0.0,0.03981387462158688,0.03927254833803902,0.017952159417462477,16.887649924702703,16.69896125793457,0.18868866676813312,,0.0
lookback,81.66833611620069,0.3537007018728324,0.0,0.04010674538061667,0.040090591508811495,0.016031879520866193,9.183187264744573,14.257049560546875,5.073862295802302,,0.0
lookback,107.69700528169874,0.978217532241623,0.0,0.03963823719743289,0.03993967677599441,0.01853710473561995,14.877812664039393,16.57248878479004,1.6946761207506462,,0.0
barrier,95.17797592662569,1.1082708780838584,119.20003364272928,0.0397889167833509,0.0400816257020929,0.01842020784667282,3.026467624625114,2.9810659885406494,0.04540163608446468,,0.0
barrier,108.53207059256067,0.40586172337835075,128.14853219516985,0.039791026689762206,0.04047402027152597,0.016449600052602566,1.3367274977796668,2.496070623397827,1.1593431256181603,,0.0
asian,100.33242481287255,0.7460540856372544,0.0,0.040014695819593646,0.03998759849883141,0.018391741575237375,3.8026126787251604,5.615190029144287,1.8125773504191267,,0.0
barrier,87.58904648028395,0.9788083012555759,114.0944351341046,0.040138536405728155,0.03967580295204507,0.01837472421321945,4.092695016770263,3.690215826034546,0.4024791907357175,,0.0
lookback,90.0739729179182,1.1306002252004221,0.0,0.03953527161030298,0.03989563142495901,0.01842533443989407,15.851351231552963,17.245336532592773,1.3939853010398107,,0.0
asian,117.53742372415078,1.3162406363004289,0.0,0.039775261450098263,0.039227136350769375,0.018115044126568267,0.4831140123570212,0.28240638971328735,0.20070762264373387,,0.0009975433349609375
barrier,96.14511920542552,1.0583369804306775,125.17107959715972,0.04061684322447447,0.04024795379102086,0.01847591837844522,4.648981827197134,5.279053211212158,0.6300713840150243,,0.0
lookback,108.90979594855595,0.8742962805331123,0.0,0.04006846689481631,0.040618251255798384,0.018640766828072922,14.188463329317551,16.143707275390625,1.9552439460730735,,0.0
asian,111.81093289099216,0.7068746703803253,0.0,0.04018053266754899,0.03997123719866652,0.018341283301648106,0.4667724794396267,1.6322599649429321,1.1654874855033055,,0.0
barrier,97.45022596797487,1.0267359757528243,122.37593937421377,0.040430493766873604,0.040284019837830747,0.01908355361801248,3.5560899090067455,4.009232044219971,0.4531421352132252,,0.0
barrier,90.228259176536,1.0715173966086453,114.75124578241406,0.039623986853511414,0.0394647702622337,0.018132342935104278,2.9547004354049826,2.9479236602783203,0.006776775126662304,,0.0
barrier,87.27928851093834,0.6470380316202905,118.48009550893092,0.039896022288230054,0.03996906852626422,0.017816907062606385,8.670040027991035,6.664276123046875,2.0057639049441605,,0.0
barrier,104.22857156720431,1.0095420293642485,144.6692942720805,0.04007614950742622,0.039941375085752455,0.018224570895745862,5.0115268298886715,5.725289344787598,0.7137625148989262,,0.0010423660278320312
asian,110.51084390521567,0.3432733604790297,0.0,0.04009075998428671,0.04014729859462941,0.015923255904937726,0.1312804603410956,1.5906187295913696,1.459338269250274,,0.0
lookback,87.23456778966369,0.48779628934775965,0.0,0.040210426994724456,0.040560243347610686,0.017171095543214537,10.55444034861731,14.79359245300293,4.239152104385619,,0.0
barrier,117.53450597118662,0.4221701477196407,112.61841997275963,0.04015842562692595,0.039866871469619286,0.016764097261204473,0.0,0.775306224822998,0.775306224822998,,0.0
lookback,98.75896543251137,1.4400628130421695,0.0,0.04035820884593836,0.04064838024504485,0.018109369225919106,17.930935354206042,17.194265365600586,0.7366699886054562,,0.0
barrier,107.06911531909421,0.3032800581205589,121.24760388916602,0.04047545077765331,0.0409258675670395,0.01581748907140116,1.1018762837216534,2.0389630794525146,0.9370867957308613,,0.0
lookback,81.37287318264033,1.343760492949911,0.0,0.03991558531178404,0.03941068731033008,0.018011910011517685,17.284808657641477,16.8647403717041,0.42006828593737566,,0.0010008811950683594
barrier,118.17563153392902,1.051403063053341,112.67063846937509,0.04033433855624587,0.04113270116261566,0.018505393048581967,0.0,0.3615904152393341,0.3615904152393341,,0.0
barrier,119.28756604884492,0.5668586139542345,117.82932044795962,0.040064248523997883,0.04036340306459028,0.018180663827835977,0.0,1.3977199792861938,1.3977199792861938,,0.0
asian,110.68723807312236,0.566233190365462,0.0,0.04007298888140091,0.040343667457640134,0.017621270765411354,0.3914802218567265,1.9937902688980103,1.6023100470412839,,0.0
lookback,108.03660827146138,0.4747504208858443,0.0,0.03974208688919391,0.03961780838240585,0.01691252508397952,10.693914563491944,13.665136337280273,2.9712217737883293,,0.0
lookback,107.71343455564792,0.8774016975630505,0.0,0.04062012188070127,0.040407642816825504,0.01867778935454184,14.302844865241134,15.820106506347656,1.517261641106522,,0.0
lookback,85.5641794332775,0.38932336610916085,0.0,0.03979481415117195,0.03983129986927546,0.016014842300877595,9.427977107070062,13.911874771118164,4.4838976640481025,,0.0
lookback,114.19446602797406,1.1951938279282643,0.0,0.04008842817052572,0.03994621438163504,0.018432525940543457,16.349359827237624,17.2086238861084,0.8592640588707745,,0.0
barrier,81.53039765411188,1.356967229056707,147.70283083620035,0.039862285525893285,0.0399089893064728,0.018193648077066756,18.915283503511933,18.223743438720703,0.69154006479123,,0.0
barrier,93.87820351900469,0.9710353531616019,114.07759016279628,0.039821504585971404,0.03986738383228461,0.018328383444824573,2.1179846633853683,1.8635181188583374,0.2544665445270309,,0.0
barrier,85.84750500592274,0.2922005305860933,116.14865520147504,0.04019728261731386,0.04042796697872453,0.015312588745693209,11.749320058556423,10.75011920928955,0.999200849266872,,0.0009980201721191406
barrier,90.2491946354066,0.7972701656342884,113.22820126926064,0.0400717217735349,0.039358745043724525,0.018455346302166522,3.214095078828895,2.677274227142334,0.5368208516865609,,0.0
asian,113.88066675726202,0.5817894745188181,0.0,0.04009249646933261,0.03981165502753913,0.01758955578914201,0.17451441941018253,1.3989458084106445,1.2244313890004621,,0.0
barrier,102.46770158555745,1.17918803952746,136.93012974105184,0.03970081495091953,0.04001647099248796,0.01824386707075128,5.01371264194409,4.941989421844482,0.07172322009960741,,0.0
asian,86.86782104279796,0.9120836696111143,0.0,0.039903912204480196,0.039981041303696875,0.018521375246121404,13.824694993353946,14.07666015625,0.2519651628960542,,0.0
lookback,115.22013867085107,0.3334115169789243,0.0,0.04024279607190471,0.04007389393765878,0.016008374807056348,8.978828802117985,12.036219596862793,3.0573907947448085,,0.0
asian,96.32460779591739,0.7702743564032368,0.0,0.039865098894371565,0.04000487261696425,0.018199733782889464,6.1982566746851955,7.477667808532715,1.2794111338475194,,0.0
asian,98.52234724330322,0.9063760797172614,0.0,0.039446095660625465,0.039502775687176986,0.018337334750532907,5.100504014358486,6.324627876281738,1.2241238619232524,,0.0
lookback,93.71090784098415,1.0897753012162705,0.0,0.03987142882509718,0.04039391339664505,0.018487381842690765,15.5865668434894,16.75766944885254,1.1711026053631386,,0.0
asian,114.50439314565772,0.9042891601201866,0.0,0.03972955426978364,0.03961449774835947,0.018429042967841574,0.40157165093440045,1.0019996166229248,0.6004279656885243,,0.0
asian,97.65442962888505,0.4112926050163724,0.0,0.03999070815602563,0.04026713546367769,0.016590371522844226,4.466474775378993,6.3489155769348145,1.8824408015558216,,0.0
lookback,102.8418582760138,1.145094487782367,0.0,0.04032693898779502,0.039830234028708854,0.018866103277795268,16.111726593001904,17.265771865844727,1.154045272842822,,0.0
lookback,93.06496070441474,0.7041102230539027,0.0,0.04036034500517619,0.04025083787340377,0.018383343912965908,12.86464705650527,15.946090698242188,3.081443641736918,,0.0
lookback,90.77925896622142,1.406256914848837,0.0,0.03964172173535495,0.040041887525162786,0.018080616967823638,17.594172265378027,17.329652786254883,0.26451947912314466,,0.0
asian,118.73540735009183,0.4352677709772324,0.0,0.03999945966415802,0.04017288714739812,0.01691613553924944,0.03182378139958778,1.1865293979644775,1.1547056165648897,,0.0009965896606445312
lookback,101.15722770155034,0.8436693465520626,0.0,0.04037452541034924,0.04018641722066229,0.018592569323775336,14.281129127718057,16.091922760009766,1.810793632291709,,0.0
asian,94.288481064976,0.2985991845103607,0.0,0.03993508730956912,0.03959619717864206,0.01531408127898653,6.368743001000104,7.93047571182251,1.5617327108224055,,0.0009970664978027344
lookback,116.24653025194385,1.1423474136369036,0.0,0.04009323245873496,0.04056593791856782,0.01836053363858626,16.28071086543714,16.84355354309082,0.5628426776536806,,0.0
barrier,92.9781583078501,0.557550782948806,140.7533027603696,0.039439488039201775,0.03954170939299024,0.017359023950861564,10.043613640786882,11.02261734008789,0.9790036993010087,,0.0
barrier,103.62616717707607,0.49965316366480583,130.1265469363678,0.04034893771808724,0.040400486441538805,0.01731754210289878,3.398837755041465,4.11519193649292,0.7163541814514551,,0.0
asian,94.31239645312913,1.0792624873109684,0.0,0.03982567823443119,0.03989676674302224,0.0182792498768174,8.229819701651163,8.487777709960938,0.25795800830977456,,0.0
lookback,118.62406348900905,1.4847336122548696,0.0,0.04044101906429594,0.04057637334876517,0.018291500187811362,17.936416658273853,17.73356819152832,0.20284846674553236,,0.0
barrier,98.19847439633881,1.1488442097477671,126.08484182635544,0.04023692206146898,0.04048755468159206,0.018277216283081887,4.037148016760069,4.360675811767578,0.32352779500750906,,0.0
barrier,85.14272141074545,0.7988270925036686,113.42512367788129,0.0403618686517336,0.04013005858927092,0.018539809782286497,5.087274183235989,4.963113307952881,0.12416087528310804,,0.0
barrier,91.80046606398386,1.2285801917699744,111.26722528080022,0.04035894541722853,0.04045285552621713,0.018901449322718474,1.3621697647918791,1.1885298490524292,0.17363991573944992,,0.0009999275207519531
asian,92.83929908774527,1.1900238709328683,0.0,0.04037333199921113,0.04009518334591886,0.018575592199332407,9.341670782875953,9.671616554260254,0.3299457713843008,,0.0009975433349609375
barrier,106.37661023233159,0.8867560486015318,110.67485574318258,0.03969755274336104,0.039721154900849834,0.018836226193105435,0.034111322452756714,-0.003651648759841919,0.03776297121259863,⚠️ NEGATIVE!,0.0
lookback,88.24906096211532,0.967431592987932,0.0,0.039917528460219884,0.03995743856353044,0.01817423150881163,14.616174081405479,16.458337783813477,1.8421637024079978,,0.0
barrier,113.33058672509475,0.7130952642087105,126.89555004301023,0.04006895673022868,0.039875038450772414,0.01850436414050012,0.7054598656187845,2.044741630554199,1.3392817649354147,,0.0
asian,90.8049699470686,0.7742367256366488,0.0,0.04010630340476129,0.04015495527381559,0.018821753411200393,10.222317989453234,10.904257774353027,0.681939784899793,,0.0
barrier,92.36294501014146,0.5217147303934515,124.03452473343631,0.04011852371883219,0.040113916700170504,0.017471607360673186,8.484003206081816,7.3925676345825195,1.0914355714992965,,0.00391840934753418
asian,89.19505473819817,0.8689710019153967,0.0,0.04005864357312921,0.040011312303614203,0.018320265320186952,11.629774985672148,12.17434310913086,0.5445681234587116,,0.0
barrier,90.12520198294469,1.1473355637839124,138.42918049973528,0.03991231238473647,0.03964277942906858,0.01840287976749835,12.091879934808977,11.180716514587402,0.911163420221575,,0.0
lookback,112.70959987864104,0.8553040970563722,0.0,0.03943545969974746,0.039389592594302775,0.018562311382565373,14.33571823321362,16.152996063232422,1.817277830018801,,0.0
lookback,105.31826696478251,0.29610977608309946,0.0,0.04016334221378339,0.04039459864841528,0.015245902003078122,8.375423408229343,11.123285293579102,2.7478618853497583,,0.0
asian,85.05956074710375,0.4847428668913093,0.0,0.03993653846890516,0.039834678822641724,0.01742674040612717,15.187945137573971,15.180770874023438,0.007174263550533411,,0.0
asian,88.50899222201653,0.47176778156938204,0.0,0.04003331484086677,0.040017055314625544,0.017532152991328227,11.85058038473237,12.672273635864258,0.8216932511318884,,0.000997304916381836
asian,89.37075120081816,0.467830434581561,0.0,0.04013244283880878,0.04027960757800346,0.01753456246918994,11.030769220623904,12.239461898803711,1.2086926781798066,,0.0
asian,116.88977989739067,0.6621759934484244,0.0,0.039728573604682876,0.03949626711134465,0.018309622278563774,0.11382630333252021,1.327587366104126,1.2137610627716058,,0.0
lookback,88.93396986333961,0.6397587731319949,0.0,0.039901816646293164,0.039835369285064905,0.017625808883495662,12.298457743036183,15.578693389892578,3.2802356468563953,,0.0
asian,119.454672058256,0.31085228051916236,0.0,0.03984962232051364,0.03959535930965648,0.015402748951464883,0.008991180936090498,1.026327133178711,1.0173359522426204,,0.0009970664978027344
asian,94.2910108921242,0.392555998906225,0.0,0.040108335545179445,0.04021702625120365,0.016248576208248707,6.585155177062015,8.371650695800781,1.786495518738766,,0.0
lookback,98.91310602529157,0.9623111577497541,0.0,0.03960087277664923,0.03940731597553763,0.01813343630342798,14.9711649136082,16.496095657348633,1.5249307437404322,,0.0
lookback,116.19157773907153,0.34464580419182217,0.0,0.04022563959325747,0.040412019730006875,0.016083132216257023,8.978480422766674,12.21172046661377,3.233240043847095,,0.0
asian,106.79547448272606,0.4066410886657287,0.0,0.04014484151141279,0.04030430400427112,0.01663039047240518,0.6388851508205895,2.544672727584839,1.9057875767642494,,0.0
barrier,111.3420643008241,0.9409742778552513,116.56090000092973,0.04021953180355546,0.03979053530750723,0.018905170901900758,0.06657707060897367,0.9627442359924316,0.896167165383458,,0.0
asian,105.396090491923,1.3195572515235892,0.0,0.04002989827835914,0.04035657047681384,0.018297088047760146,2.773871765616184,2.693371534347534,0.0805002312686498,,0.0
asian,102.1063406252218,1.0498374212049684,0.0,0.04042648435927,0.04064137334517557,0.018565509341308656,3.7110617748939685,4.211030960083008,0.4999691851890393,,0.0
lookback,103.56195774096008,0.8639326284404187,0.0,0.03966840836187319,0.03962119134964222,0.01833238407934646,14.406389511834874,16.189294815063477,1.7829053032286026,,0.0
barrier,104.69361603311394,0.8509098714348398,116.97548453857411,0.03956243857585774,0.039551507607529235,0.01836386214496542,0.7041291273246643,1.4332425594329834,0.7291134321083191,,0.0
barrier,83.12887825543578,0.7834332702350213,112.96385170611033,0.040037606674711526,0.040129478754548725,0.01875227283500761,5.978520225367355,5.635261058807373,0.34325916655998157,,0.0
lookback,100.67369346522236,0.41556681468584755,0.0,0.039594347126671224,0.03937915249048263,0.016748145650395792,9.962430192395805,13.814948081970215,3.8525178895744094,,0.0
barrier,114.97816436768596,0.3920306529844273,111.30185708872929,0.03975578894067255,0.03951115657610423,0.0164630205272085,0.0,0.8780975341796875,0.8780975341796875,,0.0010068416595458984
lookback,115.03729077321404,1.3456573217716212,0.0,0.03966913014417672,0.03989362874014008,0.018131799575959177,17.559122064496727,17.290029525756836,0.2690925387398906,,0.0009937286376953125
lookback,98.51899439188244,0.3462202469970912,0.0,0.04012861301405785,0.039640031568897845,0.015667724895586096,9.268923288164139,12.373106002807617,3.1041827146434784,,0.0
barrier,99.53562067384149,1.2213139088475775,134.58596527536824,0.040026485023773116,0.04012189070999693,0.01856674789420708,5.843124763043817,5.605162143707275,0.23796261933654161,,0.0
asian,116.39874596740523,1.1908870655153019,0.0,0.03996574540020646,0.04005101217849848,0.017783423020996513,0.500274368505546,0.5390682220458984,0.038793853540352474,,0.0
lookback,93.62307159316951,0.8002285765670513,0.0,0.03956265000625851,0.03954395106566154,0.01770436779688995,13.601437867694191,15.830422401428223,2.2289845337340317,,0.0
lookback,97.20809187485807,0.687149188774793,0.0,0.040268942258042104,0.040336180072715735,0.018085990386229312,12.488950424369415,15.341094017028809,2.8521435926593934,,0.0
lookback,95.66253269502856,0.3995886876756892,0.0,0.040239921898136216,0.039966109603899645,0.016658337037773936,9.912875298106517,13.236501693725586,3.323626395619069,,0.0
asian,116.74551127054178,0.27438981690933373,0.0,0.040009968165810116,0.04024177642259112,0.0147944223605371,0.028682759987456098,0.7940536737442017,0.7653709137567456,,0.0
lookback,93.54100183898046,0.6581470313778683,0.0,0.040201477725018205,0.04026486869842293,0.01805363543126395,12.232724474717369,15.500415802001953,3.2676913272845844,,0.0010457038879394531
barrier,96.83253753931575,0.2807595704900665,137.91258295212683,0.03990085845812448,0.039761142908351504,0.01487722121693777,6.004066252000225,7.0781378746032715,1.0740716226030464,,0.0
lookback,86.76768256089566,1.2575319307240078,0.0,0.039913188932307046,0.04012422318010943,0.017926438443174635,16.617083839284525,16.60239601135254,0.014687827931986419,,0.0
barrier,88.97153536222412,1.4075902497221504,110.9998087271742,0.040293425071215534,0.04030062503272122,0.018568291196335872,1.4261774150078141,2.045412540435791,0.6192351254279769,,0.0
asian,90.84096296731312,1.319639178837996,0.0,0.04017745562720009,0.03970625661943622,0.01843110339091924,11.091165175763706,11.278407096862793,0.187241921099087,,0.0
barrier,115.00784833173051,0.7518544210712793,125.60164993374777,0.03999260843971717,0.04038267869555448,0.01829077647197424,0.36681940593958007,1.552066445350647,1.1852470394110668,,0.0
barrier,108.20495154407041,0.6326705693961862,143.94874850604737,0.03957975042606798,0.03911924425063936,0.017905688637380374,2.699252739149577,4.731485843658447,2.03223310450887,,0.0
asian,107.91988596105067,0.9108305850896977,0.0,0.04027400698991442,0.040089989900921594,0.018910343989538225,1.4430053944117303,2.8093013763427734,1.3662959819310432,,0.000997781753540039
asian,92.53794411169454,0.5789346091452212,0.0,0.04005387797722682,0.039894645833852466,0.01776239063147092,8.430341910272976,9.789390563964844,1.3590486536918682,,0.0
asian,110.62449335845592,0.7170918129691427,0.0,0.04030516841239837,0.03949357194078257,0.018215253633800402,0.5537910098517096,1.7191828489303589,1.1653918390786493,,0.0
lookback,119.43644774595379,1.4252843896936098,0.0,0.039862571410488594,0.04024096672941212,0.018002406602394255,17.96484800463251,17.44626808166504,0.5185799229674721,,0.0
asian,117.61324679907327,0.79369043064313,0.0,0.04003589607805951,0.04038714150116656,0.018515291402734373,0.14819372833443611,1.0441920757293701,0.895998347394934,,0.0
barrier,80.84562609272645,0.7406003081271509,136.59688631899834,0.039770253183335894,0.03894187005197648,0.01806743817800132,19.140924930130243,14.958478927612305,4.182446002517938,,0.0
asian,93.55232661917879,0.4981890425641974,0.0,0.03969986047286821,0.03964992017009127,0.01751582728553575,7.636333595466867,9.235272407531738,1.5989388120648709,,0.0
asian,102.06911158485838,0.4552630309348219,0.0,0.0398502992430828,0.03966346633041527,0.016933900637832896,2.1857341385470472,4.381191253662109,2.195457115115062,,0.0
barrier,95.35462106248715,1.2362858617174866,148.5079907956815,0.040282704796054954,0.0404312973994272,0.018524252717576142,9.92415393445069,10.16099739074707,0.2368434562963806,,0.0
asian,103.3624648963705,1.0119690008425182,0.0,0.03975440192004159,0.039787485176962546,0.018207711249245157,3.0683772185520697,3.6490676403045654,0.5806904217524957,,0.0
lookback,113.80090431648037,1.3336843664019082,0.0,0.04015643050607201,0.04050986211827026,0.018149372969487466,17.1749005032225,17.247343063354492,0.0724425601319929,,0.0
asian,91.79270926808938,0.5754546842786255,0.0,0.039993889268573994,0.0398755599287836,0.017603635561479522,9.1576574129264,10.269468307495117,1.111810894568718,,0.0
barrier,105.02890132095052,1.4207346032415067,144.2004015060812,0.039840271177595005,0.04004111203733388,0.018077660831913398,5.077141369202657,4.797549724578857,0.2795916446237996,,0.0010039806365966797
barrier,105.42835658237986,0.26516989326416446,110.95068953485871,0.03987017340133803,0.039794956328732506,0.014924639479238224,0.2379791504008852,1.1537668704986572,0.915787720097772,,0.0
lookback,97.98066981254857,0.31328939143307705,0.0,0.039946504414767346,0.039799470060030276,0.015398721572466223,8.670217913518048,12.232719421386719,3.562501507868671,,0.0
asian,80.42718586597344,0.9165641107994007,0.0,0.04015904036937627,0.04028167668180402,0.01866383830589866,19.619961538536998,19.124711990356445,0.4952495481805528,,0.0
barrier,118.37900057335861,1.2270728313704633,142.4744696984991,0.040277376147764256,0.04022996080510388,0.01837883538248853,1.2906217178400805,1.4291688203811646,0.13854710254108404,,0.0
lookback,85.88737751930327,0.7924167468692374,0.0,0.039809714565321945,0.03995469494779738,0.01843018665065871,13.799513854318912,16.958993911743164,3.1594800574242523,,0.0
asian,105.64432196961562,1.45324057477653,0.0,0.040222387528908214,0.04010388284241759,0.017884994251500218,3.028990366954416,1.9877831935882568,1.0412071733661592,,0.0
asian,101.45209497776528,0.709022730588293,0.0,0.03973183919241476,0.040034002428685087,0.01833454824349355,3.1677626918254225,5.317193031311035,2.1494303394856127,,0.0
lookback,82.445032069114,0.9399756401396591,0.0,0.03988994179463554,0.039868586634700866,0.01820145589579995,14.664571548413974,16.835771560668945,2.171200012254971,,0.0
barrier,116.8004015467354,1.3238106968573735,123.38756690365275,0.04013076660012149,0.040400026975463035,0.01850438256572868,0.08421444270403454,0.2971552312374115,0.21294078853337695,,0.0
barrier,116.15679637436524,1.1485894209047773,115.75462511515745,0.04046225358830724,0.0406304936101643,0.018634838890338592,0.0,0.05970165133476257,0.05970165133476257,,0.0
barrier,81.72470984307608,0.5644935032553491,117.39139415490813,0.04012117174859147,0.04047689002630452,0.017572296183683164,12.318345298530446,10.261636734008789,2.0567085645216565,,0.0
barrier,81.89195213355933,1.0465824664266212,120.10946111057557,0.039293555519903274,0.038777741412483975,0.018156532055915598,9.86344277906046,8.012858390808105,1.8505843882523543,,0.0
barrier,116.7806658377263,0.7702050695285902,126.21365218327301,0.04012194806680372,0.04022135876182772,0.018075777840847164,0.27532868735100785,1.377618670463562,1.102289983112554,,0.0
asian,95.84090285578306,1.108040067275132,0.0,0.039940171910928836,0.040056399809697114,0.018207374102019502,7.316668147389815,7.454998016357422,0.1383298689676069,,0.0
asian,118.20997028282237,1.3678118511306392,0.0,0.04007030272649338,0.03923159105360849,0.018346387023062148,0.4692798472616823,0.10536018013954163,0.3639196671221407,,0.0
asian,101.84666988809497,0.9646778013270538,0.0,0.040367319609073436,0.04049870835890021,0.018580511611573758,3.503714097849664,4.42865514755249,0.9249410497028263,,0.0
asian,109.7980989789824,1.037953506499135,0.0,0.03958659628242884,0.039254691431729966,0.018398435077214455,1.2279266598360465,1.9034241437911987,0.6754974839551522,,0.0
